student_id,gender,branch,year,GPA,skill_python,skill_ml,skill_sql,skill_cloud,interest_ai,interest_data,interest_web,interest_cloud,internship_count,project_count,career_label
1,Male,CSE,2,7.559629331184528,0,0,0,1,0,0,1,0,1,5,DevOps Engineer
2,Female,IT,2,9.234891216760676,1,1,0,1,1,0,0,0,2,3,ML Engineer
3,Female,EEE,4,6.922240128928283,1,1,1,0,1,1,1,1,0,4,ML Engineer
4,Female,ECE,2,6.21716357775987,0,0,0,1,0,0,1,1,0,4,Cloud Engineer
5,Male,EEE,2,7.74576954069299,0,1,0,0,0,1,0,0,0,2,DevOps Engineer
6,Male,ECE,3,8.668009669621274,0,0,1,1,0,0,1,0,2,3,DevOps Engineer
7,Male,ECE,2,8.38033843674456,0,0,0,1,0,1,1,0,1,3,DevOps Engineer
8,Female,EEE,3,7.635777598710717,1,1,1,0,1,1,0,0,0,5,ML Engineer
9,Female,CSE,1,8.484689766317485,1,0,0,1,0,0,1,0,1,4,Software Developer
10,Female,IT,2,9.155922643029816,1,1,0,0,0,0,0,0,1,1,DevOps Engineer
11,Male,CSE,1,7.286059629331183,0,0,0,0,0,0,1,0,1,2,DevOps Engineer
12,Female,Mechanical,1,7.56809024979855,1,1,0,0,1,1,1,1,0,2,ML Engineer
13,Female,Mechanical,4,7.819097502014504,1,1,1,0,1,1,1,0,1,2,ML Engineer
14,Male,CSE,1,8.211120064464142,0,0,0,0,0,1,1,0,0,2,DevOps Engineer
15,Male,ECE,3,8.352135374697824,0,0,1,1,0,0,0,0,1,1,DevOps Engineer
16,Male,Mechanical,2,8.47904915390814,0,1,0,0,1,0,1,1,0,1,ML Engineer
17,Male,CSE,2,7.503223207091056,0,0,0,1,1,0,0,0,1,5,DevOps Engineer
18,Female,IT,4,8.033440773569701,1,1,1,0,1,0,1,0,1,4,ML Engineer
19,Male,Mechanical,1,7.322723609991941,0,1,0,0,1,1,1,0,0,1,ML Engineer
20,Male,CSE,3,6.547139403706687,0,0,1,1,0,1,0,1,0,5,Data Analyst
21,Female,ECE,4,7.401692183722804,1,0,1,0,0,1,0,0,1,3,Data Analyst
22,Male,CSE,3,8.459307010475422,0,0,1,0,0,0,1,1,0,4,DevOps Engineer
23,Male,Mechanical,4,8.58904109589041,0,1,1,1,1,1,1,1,2,1,ML Engineer
24,Male,Mechanical,1,7.328364222401289,0,1,0,0,1,1,0,1,0,3,ML Engineer
25,Male,Mechanical,2,7.068896051571313,0,1,0,0,1,1,0,1,1,5,ML Engineer
26,Female,IT,2,7.632957292506044,1,0,0,0,1,1,0,0,1,1,DevOps Engineer
27,Male,EEE,3,7.802175664786462,0,1,1,1,1,0,1,0,0,1,ML Engineer
28,Female,EEE,4,7.833199033037872,0,1,1,1,0,0,0,1,0,3,Cloud Engineer
29,Female,CSE,2,8.177276390008057,1,0,0,1,1,1,1,0,0,1,Software Developer
30,Male,EEE,3,8.165995165189363,0,1,1,1,1,0,0,0,1,2,ML Engineer
31,Female,CSE,1,7.525785656728444,1,0,0,0,0,0,1,1,0,1,Software Developer
32,Male,IT,3,7.508863819500402,0,0,1,0,0,1,0,0,1,4,Data Analyst
33,Male,CSE,2,7.401692183722804,0,0,0,1,0,1,1,0,1,3,DevOps Engineer
34,Female,CSE,4,8.081385979049154,1,0,1,0,1,1,0,0,0,4,Data Analyst
35,Female,CSE,3,7.596293311845286,1,0,1,0,0,0,1,0,1,5,Software Developer
36,Female,ECE,2,7.720386784850926,1,0,0,0,1,0,0,1,0,4,DevOps Engineer
37,Male,CSE,1,7.573730862207896,0,0,0,0,1,1,1,0,0,2,DevOps Engineer
38,Male,ECE,1,6.56406124093473,0,0,0,1,1,1,1,0,0,2,DevOps Engineer
39,Female,CSE,2,6.764302981466559,1,0,0,0,0,1,0,0,0,4,DevOps Engineer
40,Male,CSE,2,7.69218372280419,0,0,0,0,0,1,1,1,1,5,DevOps Engineer
41,Male,IT,4,8.290088638195003,0,0,1,0,1,1,1,1,0,1,Data Analyst
42,Male,ECE,3,7.7965350523771155,0,0,1,1,0,1,0,0,0,2,Data Analyst
43,Male,CSE,3,7.610394842868654,0,0,1,0,0,0,0,1,1,4,DevOps Engineer
44,Female,IT,1,7.037872683319903,1,0,0,0,0,1,0,0,0,4,DevOps Engineer
45,Male,EEE,4,7.759871071716358,0,1,1,1,1,1,1,1,1,4,ML Engineer
46,Female,IT,3,8.199838839645448,1,1,1,1,1,1,1,0,1,1,ML Engineer
47,Male,CSE,1,8.26470588235294,1,0,0,0,0,0,0,1,0,3,DevOps Engineer
48,Female,CSE,3,7.695004029008864,0,0,1,0,0,1,1,0,0,5,Data Analyst
49,Female,EEE,3,7.570910556003223,0,1,1,0,1,0,1,0,1,3,ML Engineer
50,Male,CSE,1,9.045930701047542,0,0,0,0,0,1,1,0,2,5,DevOps Engineer
51,Female,EEE,2,7.686543110394842,1,1,0,0,1,0,1,1,0,5,ML Engineer
52,Female,IT,2,7.463738920225625,1,0,0,0,0,1,1,0,1,4,Software Developer
53,Female,Mechanical,1,7.260676873489121,1,1,0,0,1,0,1,1,0,2,ML Engineer
54,Female,ECE,4,8.275987107171636,1,1,1,0,1,0,0,0,1,4,ML Engineer
55,Female,Mechanical,4,7.455278001611603,0,1,1,1,1,0,1,0,0,1,ML Engineer
56,Female,CSE,3,8.670829975825946,1,0,1,1,0,1,0,0,1,5,Data Analyst
57,Male,ECE,2,7.838839645447218,0,0,0,1,1,0,0,1,0,2,Cloud Engineer
58,Male,IT,2,8.039081385979049,0,0,0,0,0,0,0,0,1,5,DevOps Engineer
59,Male,IT,3,6.939161966156325,0,0,1,0,1,1,1,1,0,5,Data Analyst
60,Male,IT,3,8.696212731668009,1,1,1,1,1,0,1,1,2,4,ML Engineer
61,Male,EEE,1,7.590652699435939,0,1,0,0,1,1,0,1,1,2,ML Engineer
62,Male,Mechanical,3,8.456486704270748,0,1,1,0,1,1,0,0,0,2,ML Engineer
63,Female,ECE,4,9.09951651893634,1,1,1,0,1,1,0,1,1,5,ML Engineer
64,Male,IT,2,7.804995970991136,0,0,0,1,0,0,1,1,0,2,Cloud Engineer
65,Male,IT,1,7.647058823529411,0,0,0,1,1,1,0,0,0,2,DevOps Engineer
66,Female,ECE,3,7.599113618049959,0,0,1,0,0,0,1,1,1,4,DevOps Engineer
67,Male,CSE,2,7.3086220789685745,0,0,0,0,0,0,0,0,1,3,DevOps Engineer
68,Female,CSE,2,7.235294117647059,1,0,0,1,1,0,0,0,0,1,DevOps Engineer
69,Male,CSE,1,8.292908944399677,0,0,0,0,0,1,0,0,1,3,DevOps Engineer
70,Female,CSE,2,8.591861402095084,1,0,0,1,1,0,0,0,1,2,DevOps Engineer
71,Female,CSE,3,7.573730862207896,1,0,1,1,0,1,1,0,1,5,Data Analyst
72,Male,CSE,3,7.387590652699435,0,0,1,1,0,1,0,0,0,1,Data Analyst
73,Male,CSE,2,7.56809024979855,0,0,0,0,0,0,0,1,0,1,DevOps Engineer
74,Female,CSE,4,8.721595487510072,1,0,1,0,0,0,0,0,1,5,DevOps Engineer
75,Female,Mechanical,4,8.024979854955681,1,1,1,0,1,1,0,0,0,1,ML Engineer
76,Female,IT,4,8.944399677679291,1,1,1,1,1,1,0,0,2,5,ML Engineer
77,Female,CSE,2,8.961321514907333,1,0,0,1,0,1,0,0,2,1,DevOps Engineer
78,Male,ECE,2,7.1535052377115225,0,0,0,0,0,0,1,1,0,3,DevOps Engineer
79,Male,CSE,4,8.182917002417405,1,0,1,0,1,0,1,0,1,1,Software Developer
80,Male,Mechanical,3,8.419822723609991,0,1,1,1,1,0,0,1,1,4,ML Engineer
81,Female,ECE,1,7.548348106365833,1,0,0,1,0,0,0,0,1,5,DevOps Engineer
82,Female,CSE,1,7.960112812248187,1,0,0,1,0,0,1,1,0,1,Software Developer
83,Male,IT,2,7.64705882352941,0,0,0,0,0,1,0,0,1,5,DevOps Engineer
84,Male,EEE,4,7.455278001611603,0,1,1,0,1,0,0,0,1,4,ML Engineer
85,Male,Mechanical,3,7.404512489927477,0,1,1,1,1,0,0,1,0,1,ML Engineer
86,Male,IT,2,7.150684931506849,0,0,0,1,0,1,0,0,0,1,DevOps Engineer
87,Female,IT,1,8.22522159548751,1,1,0,0,0,1,1,1,0,4,Software Developer
88,Female,CSE,3,6.377921031426269,1,0,1,0,0,0,0,1,0,4,DevOps Engineer
89,Female,Mechanical,4,8.385979049153908,1,1,1,0,1,1,1,0,0,4,ML Engineer
90,Male,CSE,2,6.507655116841256,0,0,0,0,0,0,0,0,0,5,DevOps Engineer
91,Male,Mechanical,3,7.886784850926672,0,1,1,0,1,0,0,0,0,4,ML Engineer
92,Female,IT,4,7.514504431909749,1,0,1,1,0,0,1,1,0,5,Software Developer
93,Female,IT,2,7.170427074939565,1,0,0,0,0,1,0,1,1,3,DevOps Engineer
94,Female,IT,3,7.93190975020145,0,0,1,1,1,0,1,0,1,1,DevOps Engineer
95,Female,CSE,2,7.796535052377115,1,0,0,0,0,0,0,0,1,1,DevOps Engineer
96,Male,CSE,3,7.553988718775182,0,0,1,1,0,0,1,0,1,2,DevOps Engineer
97,Female,CSE,3,8.411361804995972,1,0,1,1,0,1,0,1,0,3,Data Analyst
98,Male,CSE,3,8.301369863013699,1,0,1,0,0,0,1,0,1,4,Software Developer
99,Male,ECE,3,7.838839645447219,0,0,1,0,0,0,0,0,1,4,DevOps Engineer
100,Male,CSE,2,8.157534246575342,0,0,0,0,0,0,1,1,0,3,DevOps Engineer
101,Male,CSE,4,9.223609991941982,0,0,1,0,0,0,0,0,2,4,DevOps Engineer
102,Female,Mechanical,3,7.745769540692989,1,1,1,1,1,1,1,0,1,2,ML Engineer
103,Male,EEE,1,7.782433521353746,0,1,0,1,1,1,0,1,1,5,ML Engineer
104,Female,Mechanical,3,7.322723609991941,0,1,1,0,0,0,1,1,1,1,DevOps Engineer
105,Female,Mechanical,3,8.208299758259468,1,1,1,0,1,0,0,0,0,3,ML Engineer
106,Male,CSE,2,6.307413376309426,0,0,0,0,0,0,0,0,0,1,DevOps Engineer
107,Male,CSE,4,8.199838839645446,1,0,1,1,1,0,0,0,0,5,DevOps Engineer
108,Female,ECE,4,7.342465753424657,1,0,1,0,0,0,0,0,0,3,DevOps Engineer
109,Male,ECE,2,7.920628525382755,0,0,0,0,1,1,0,1,1,5,DevOps Engineer
110,Male,CSE,4,8.349315068493151,0,0,1,1,0,1,1,0,1,4,Data Analyst
111,Male,EEE,1,7.965753424657534,0,1,0,1,1,1,1,1,1,4,ML Engineer
112,Male,CSE,2,7.999597099113618,0,0,0,0,0,1,0,1,0,4,DevOps Engineer
113,Female,CSE,1,7.387590652699435,1,0,0,1,0,1,1,0,0,5,Software Developer
114,Female,IT,4,7.150684931506849,1,0,1,0,0,1,1,0,1,5,Data Analyst
115,Female,IT,3,8.366236905721191,1,1,1,0,1,0,0,0,1,5,ML Engineer
116,Female,IT,1,8.47904915390814,1,1,0,1,1,1,1,1,0,1,ML Engineer
117,Female,CSE,2,8.74979854955681,1,0,0,1,1,0,1,1,2,5,Software Developer
118,Male,EEE,3,8.129331184528604,0,1,1,0,1,0,1,0,1,4,ML Engineer
119,Female,CSE,1,7.207091055600323,1,0,0,0,0,1,0,1,1,2,DevOps Engineer
120,Female,CSE,4,7.570910556003223,0,0,1,0,1,0,1,0,0,5,DevOps Engineer
121,Female,EEE,4,8.662369057211926,1,1,1,0,1,0,0,1,1,2,ML Engineer
122,Female,Mechanical,3,7.410153102336825,1,1,1,0,1,1,0,0,1,4,ML Engineer
123,Male,EEE,4,8.154713940370668,1,1,1,0,1,0,0,0,1,5,ML Engineer
124,Male,EEE,2,7.94037066881547,0,1,0,0,1,0,1,1,0,1,ML Engineer
125,Male,ECE,4,7.362207896857373,0,0,1,1,1,1,1,0,0,1,Data Analyst
126,Male,IT,3,7.376309427880741,0,0,1,1,0,1,1,0,1,2,Data Analyst
127,Female,CSE,3,6.8291700241740525,1,0,1,1,0,1,1,0,0,1,Data Analyst
128,Female,IT,1,8.05600322320709,1,1,0,0,1,0,0,0,0,1,ML Engineer
129,Male,CSE,4,7.164786462530217,0,0,1,1,0,0,0,0,0,1,DevOps Engineer
130,Female,CSE,2,6.360999194198227,0,0,0,1,0,1,0,1,0,4,Cloud Engineer
131,Male,ECE,1,8.43392425463336,1,1,0,1,1,1,0,0,1,1,ML Engineer
132,Male,IT,1,9.426672038678486,0,0,0,1,0,1,1,0,1,3,DevOps Engineer
133,Male,CSE,3,7.957292506043513,0,0,1,1,0,0,1,1,1,5,Cloud Engineer
134,Male,CSE,3,8.10112812248187,1,0,1,0,0,0,0,0,0,1,DevOps Engineer
135,Female,ECE,3,7.452457695406931,1,0,1,0,0,1,0,0,1,1,Data Analyst
136,Male,CSE,4,7.937550362610797,0,0,1,1,0,0,0,1,0,1,Cloud Engineer
137,Female,EEE,1,7.852941176470589,0,1,0,1,1,1,0,1,0,3,ML Engineer
138,Female,IT,3,7.156325543916196,1,0,1,1,0,0,1,1,0,1,Software Developer
139,Male,IT,1,7.751410153102336,0,0,0,0,0,1,1,1,1,1,DevOps Engineer
140,Female,IT,4,8.219580983078162,1,1,1,0,1,1,1,0,1,5,ML Engineer
141,Female,EEE,4,7.89242546333602,1,1,1,0,1,1,0,1,0,3,ML Engineer
142,Male,CSE,3,8.845688960515714,0,0,1,1,0,0,0,0,2,3,DevOps Engineer
143,Male,ECE,3,7.709105560032232,0,0,1,0,0,1,0,1,1,1,Data Analyst
144,Male,IT,2,8.019339242546334,1,1,0,0,1,1,1,0,1,3,ML Engineer
145,Male,CSE,2,8.10112812248187,0,0,0,0,1,0,1,1,0,2,DevOps Engineer
146,Male,EEE,4,7.302981466559228,0,1,1,0,1,1,0,1,1,3,ML Engineer
147,Female,ECE,2,8.120870265914583,1,1,0,1,0,1,1,1,0,3,Software Developer
148,Female,ECE,2,7.717566478646253,0,0,0,1,0,1,0,0,0,3,DevOps Engineer
149,Male,EEE,2,8.535455278001612,0,1,0,1,1,1,1,0,2,4,ML Engineer
150,Male,EEE,4,8.535455278001612,0,1,1,0,1,0,1,1,2,4,ML Engineer
151,Female,ECE,2,7.494762288477034,1,0,0,1,0,0,1,1,0,4,Software Developer
152,Male,EEE,1,7.943190975020144,0,1,0,0,0,0,1,0,0,3,DevOps Engineer
153,Male,ECE,3,8.543916196615632,0,0,1,1,1,1,0,1,2,2,Data Analyst
154,Male,ECE,4,7.852941176470589,0,0,1,0,0,1,0,1,1,3,Data Analyst
155,Female,IT,1,7.10556003223207,1,0,0,0,0,1,0,0,0,1,DevOps Engineer
156,Male,ECE,2,7.308622078968574,0,0,0,1,0,0,0,1,1,2,Cloud Engineer
157,Female,CSE,1,7.128122481869459,1,0,0,1,0,0,1,0,0,4,Software Developer
158,Female,EEE,2,7.678082191780822,1,1,0,0,1,1,1,0,0,5,ML Engineer
159,Male,EEE,2,7.49194198227236,0,1,0,1,1,0,0,0,1,2,ML Engineer
160,Female,CSE,3,8.098307816277195,1,0,1,0,0,0,1,0,0,4,Software Developer
161,Male,EEE,3,7.906526994359388,0,1,1,0,1,1,0,1,0,2,ML Engineer
162,Female,CSE,3,7.762691377921031,1,0,1,0,0,0,0,0,1,2,DevOps Engineer
163,Female,CSE,2,8.177276390008057,1,0,0,0,0,0,0,1,1,3,DevOps Engineer
164,Female,ECE,4,7.875503626107976,0,0,1,0,0,0,0,1,0,1,DevOps Engineer
165,Male,CSE,2,7.779613215149073,0,0,0,0,0,0,0,1,1,5,DevOps Engineer
166,Female,EEE,4,6.978646253021755,1,1,1,0,1,1,0,0,0,4,ML Engineer
167,Male,EEE,3,7.782433521353746,0,1,1,1,1,0,0,1,1,2,ML Engineer
168,Male,IT,1,7.923448831587429,0,0,0,0,0,0,1,0,0,5,DevOps Engineer
169,Male,CSE,3,7.379129734085415,0,0,1,1,0,0,0,0,1,2,DevOps Engineer
170,Female,CSE,2,7.680902497985494,0,0,0,0,0,1,0,0,0,1,DevOps Engineer
171,Female,IT,3,8.512892828364222,1,1,1,1,0,0,0,0,2,5,DevOps Engineer
172,Male,Mechanical,1,8.126510878323932,0,1,0,0,1,1,1,1,1,4,ML Engineer
173,Female,IT,1,7.49194198227236,0,0,0,0,0,0,0,0,1,2,DevOps Engineer
174,Male,CSE,4,8.233682514101531,0,0,1,0,0,0,1,1,0,1,DevOps Engineer
175,Female,IT,2,7.850120870265914,1,0,0,0,1,0,1,0,0,5,Software Developer
176,Male,IT,4,8.13215149073328,0,0,1,0,1,1,1,0,0,2,Data Analyst
177,Female,ECE,2,8.030620467365027,1,1,0,1,1,1,1,1,0,2,ML Engineer
178,Male,CSE,3,6.888396454472199,0,0,1,1,1,0,0,1,0,4,Cloud Engineer
179,Female,ECE,3,7.714746172441579,1,0,1,1,0,1,0,0,0,1,Data Analyst
180,Male,IT,3,7.542707493956487,0,0,1,1,0,1,0,0,0,3,Data Analyst
181,Male,Mechanical,2,8.371877518130539,1,1,0,0,1,0,1,0,1,2,ML Engineer
182,Male,CSE,2,7.658340048348106,0,0,0,0,0,1,0,0,0,5,DevOps Engineer
183,Female,IT,1,7.80781627719581,1,0,0,0,0,0,0,1,0,4,DevOps Engineer
184,Female,Mechanical,2,8.431103948428685,1,1,0,0,1,1,1,1,1,4,ML Engineer
185,Male,CSE,3,8.064464141821112,0,0,1,0,0,1,0,0,1,2,Data Analyst
186,Female,Mechanical,4,6.964544721998388,1,1,1,0,1,1,1,1,0,2,ML Engineer
187,Female,ECE,4,7.195809830781628,1,0,1,0,0,1,1,0,0,2,Data Analyst
188,Female,CSE,3,7.934730056406123,0,0,1,0,0,0,0,0,0,3,DevOps Engineer
189,Female,CSE,3,7.42989524576954,0,0,1,1,0,1,0,0,1,2,Data Analyst
190,Male,ECE,3,7.379129734085415,0,0,1,1,1,0,0,1,0,1,Cloud Engineer
191,Male,CSE,2,7.497582594681709,0,0,0,0,1,0,1,0,0,5,DevOps Engineer
192,Female,IT,4,7.029411764705882,1,0,1,1,1,1,1,0,1,2,Data Analyst
193,Female,CSE,3,7.836019339242546,1,0,1,1,0,1,1,0,0,3,Data Analyst
194,Female,IT,3,8.236502820306205,1,1,1,0,1,1,1,0,0,5,ML Engineer
195,Male,CSE,1,7.985495568090249,0,0,0,0,0,0,1,1,0,4,DevOps Engineer
196,Male,EEE,2,6.566881547139404,0,1,0,0,0,1,0,0,0,2,DevOps Engineer
197,Female,Mechanical,2,7.7655116841257055,1,1,0,1,0,1,0,0,0,5,DevOps Engineer
198,Female,Mechanical,4,8.417002417405318,1,1,1,1,1,0,1,1,0,4,ML Engineer
199,Female,ECE,3,6.499194198227236,1,0,1,0,0,0,0,1,0,3,DevOps Engineer
200,Female,CSE,2,7.452457695406929,1,0,0,0,0,0,0,1,1,1,DevOps Engineer
201,Female,ECE,4,8.357775987107171,1,1,1,0,1,0,1,0,0,2,ML Engineer
202,Male,CSE,1,8.868251410153102,0,0,0,0,0,1,0,0,1,1,DevOps Engineer
203,Male,CSE,2,8.087026591458502,0,0,0,0,0,1,1,0,0,3,DevOps Engineer
204,Female,CSE,1,7.280419016921837,1,0,0,1,1,1,1,0,1,5,Software Developer
205,Female,IT,3,7.731668009669621,1,0,1,1,0,1,0,1,1,5,Data Analyst
206,Male,ECE,4,7.593473005640613,0,0,1,1,0,0,1,0,0,3,DevOps Engineer
207,Male,ECE,2,9.040290088638194,0,0,0,1,0,1,0,0,2,3,DevOps Engineer
208,Female,IT,4,7.435535858178888,1,0,1,1,0,0,0,0,0,2,DevOps Engineer
209,Male,CSE,2,8.400080580177278,0,0,0,0,0,1,0,0,0,4,DevOps Engineer
210,Male,Mechanical,4,7.139403706688154,0,1,1,1,0,0,0,1,0,1,Cloud Engineer
211,Female,IT,3,7.768331990330378,0,0,1,0,0,1,0,0,0,1,Data Analyst
212,Female,IT,4,8.665189363416598,1,1,1,1,1,0,0,0,1,5,ML Engineer
213,Female,CSE,1,6.710717163577759,1,0,0,0,0,0,0,0,0,5,DevOps Engineer
214,Male,ECE,4,7.421434327155519,0,0,1,1,0,1,0,0,1,2,Data Analyst
215,Female,ECE,3,9.217969379532637,1,1,1,0,1,0,1,0,1,3,ML Engineer
216,Male,CSE,2,7.587832393231265,0,0,0,0,1,1,1,1,1,1,DevOps Engineer
217,Male,CSE,4,7.579371474617243,0,0,1,0,0,0,0,0,0,2,DevOps Engineer
218,Female,ECE,2,8.134971796937954,1,1,0,0,1,1,0,1,0,5,ML Engineer
219,Female,ECE,4,6.9589041095890405,1,0,1,1,0,0,0,1,0,5,Cloud Engineer
220,Female,CSE,1,8.840048348106366,1,0,0,1,0,0,0,1,2,1,Cloud Engineer
221,Female,Mechanical,3,8.273166800966962,1,1,1,0,1,0,1,1,1,5,ML Engineer
222,Female,CSE,3,8.036261079774373,1,0,1,0,0,0,1,0,0,5,Software Developer
223,Male,IT,1,8.854149879129732,0,0,0,0,1,0,0,0,2,4,DevOps Engineer
224,Male,Mechanical,2,6.561240934730056,0,1,0,0,1,0,0,0,0,3,ML Engineer
225,Male,IT,1,8.058823529411764,0,0,0,0,0,0,0,1,0,5,DevOps Engineer
226,Male,IT,2,7.31426269137792,0,0,0,1,1,0,1,1,0,4,Cloud Engineer
227,Female,CSE,2,8.205479452054794,1,0,0,0,0,1,0,1,0,2,DevOps Engineer
228,Male,CSE,3,8.718775181305398,1,0,1,0,0,1,1,0,1,5,Data Analyst
229,Female,Mechanical,2,8.213940370668816,1,1,0,0,1,0,1,1,0,2,ML Engineer
230,Female,IT,2,7.573730862207896,1,0,0,0,0,1,0,0,0,5,DevOps Engineer
231,Female,EEE,3,8.631345688960517,1,1,1,0,1,1,1,0,2,1,ML Engineer
232,Female,CSE,1,7.93190975020145,0,0,0,1,0,0,1,0,0,4,DevOps Engineer
233,Female,CSE,4,8.43392425463336,1,0,1,0,0,1,1,0,1,4,Data Analyst
234,Male,CSE,4,7.929089443996776,0,0,1,0,1,0,0,0,0,1,DevOps Engineer
235,Male,ECE,3,7.7655116841257055,0,0,1,0,0,1,0,0,1,3,Data Analyst
236,Female,CSE,3,7.302981466559226,1,0,1,0,0,0,1,0,1,4,Software Developer
237,Male,EEE,4,6.992747784045124,0,1,1,0,0,1,1,1,0,2,Data Analyst
238,Male,IT,1,7.10556003223207,0,0,0,1,1,1,1,1,0,4,Cloud Engineer
239,Female,Mechanical,1,8.106768734891215,1,1,0,1,1,0,1,1,0,3,ML Engineer
240,Male,CSE,2,7.748589846897662,0,0,0,0,0,0,1,0,1,2,DevOps Engineer
241,Female,EEE,3,6.820709105560032,1,1,1,0,1,1,1,1,0,2,ML Engineer
242,Female,ECE,1,7.108380338436744,1,0,0,0,0,0,0,1,1,1,DevOps Engineer
243,Female,ECE,3,8.414182111200645,1,1,1,0,1,1,1,0,0,5,ML Engineer
244,Male,EEE,4,8.323932312651088,1,1,1,1,1,1,1,0,0,1,ML Engineer
245,Male,ECE,4,9.06003223207091,0,0,1,1,0,1,1,0,2,5,Data Analyst
246,Female,IT,3,6.953263497179694,1,0,1,0,1,1,1,0,0,1,Data Analyst
247,Male,CSE,1,7.074536663980661,0,0,0,0,0,1,0,1,0,5,DevOps Engineer
248,Female,CSE,4,8.58058017727639,1,0,1,0,0,1,1,1,2,4,Data Analyst
249,Female,Mechanical,3,7.517324738114423,1,1,1,1,1,0,1,0,0,2,ML Engineer
250,Female,IT,1,7.029411764705882,1,0,0,1,1,0,0,1,0,5,Cloud Engineer
251,Male,ECE,1,8.797743755036262,0,0,0,0,0,0,0,1,2,4,DevOps Engineer
252,Male,IT,4,7.60757453666398,0,0,1,0,0,1,0,1,1,3,Data Analyst
253,Female,CSE,3,8.10958904109589,1,0,1,1,0,1,0,0,0,1,Data Analyst
254,Male,CSE,4,8.950040290088639,1,0,1,0,0,0,0,1,2,3,DevOps Engineer
255,Male,ECE,4,8.013698630136986,0,0,1,0,0,1,0,0,1,4,Data Analyst
256,Female,IT,3,8.281627719580982,1,1,1,0,1,0,1,0,1,3,ML Engineer
257,Female,CSE,3,7.864222401289282,1,0,1,1,1,0,1,0,0,3,Software Developer
258,Female,IT,2,7.841659951651894,1,0,0,0,0,1,1,0,1,4,Software Developer
259,Female,CSE,2,7.988315874294923,0,0,0,0,0,0,1,1,1,2,DevOps Engineer
260,Male,IT,2,7.601933924254633,0,0,0,1,0,1,0,0,1,5,DevOps Engineer
261,Female,CSE,3,8.058823529411764,1,0,1,0,0,0,0,0,1,1,DevOps Engineer
262,Female,ECE,3,7.553988718775182,1,0,1,0,1,1,1,0,0,5,Data Analyst
263,Male,CSE,4,6.902497985495567,0,0,1,0,0,1,0,1,0,1,Data Analyst
264,Female,IT,2,7.827558420628526,0,0,0,0,0,0,1,0,1,5,DevOps Engineer
265,Female,CSE,3,6.913779210314262,1,0,1,1,0,1,1,1,0,3,Data Analyst
266,Female,CSE,3,6.0,1,0,1,0,0,1,1,0,0,2,Data Analyst
267,Female,CSE,3,8.919016921837226,1,0,1,0,0,0,1,0,2,3,Software Developer
268,Female,IT,3,7.861402095084609,1,0,1,0,0,0,0,0,0,2,DevOps Engineer
269,Male,IT,2,8.60314262691378,1,1,0,1,1,1,0,0,2,4,ML Engineer
270,Male,CSE,3,8.631345688960517,0,0,1,1,1,0,1,0,1,1,DevOps Engineer
271,Female,ECE,1,7.999597099113618,1,0,0,0,0,0,0,0,1,1,DevOps Engineer
272,Female,EEE,2,7.757050765511684,1,1,0,0,1,0,1,1,0,4,ML Engineer
273,Female,ECE,2,7.827558420628526,1,0,0,1,0,0,0,1,1,5,Cloud Engineer
274,Female,CSE,3,7.020950846091861,1,0,1,0,0,1,1,0,1,4,Data Analyst
275,Female,IT,4,7.537066881547139,0,0,1,1,0,0,1,0,1,4,DevOps Engineer
276,Female,CSE,3,7.841659951651894,0,0,1,1,0,0,1,1,1,2,Cloud Engineer
277,Female,CSE,3,7.415793714746172,1,0,1,1,0,0,0,0,1,4,DevOps Engineer
278,Female,Mechanical,3,7.914987912973409,1,1,1,0,1,0,0,0,0,1,ML Engineer
279,Female,CSE,3,8.490330378726833,1,0,1,0,0,1,1,1,1,3,Data Analyst
280,Female,IT,1,8.298549556809025,1,1,0,1,1,0,0,1,0,2,ML Engineer
281,Female,IT,2,8.089846897663175,1,1,0,0,0,1,1,0,1,2,Software Developer
282,Male,ECE,2,8.16317485898469,1,1,0,0,1,0,1,0,0,5,ML Engineer
283,Male,IT,2,8.039081385979049,1,1,0,1,1,0,1,0,1,3,ML Engineer
284,Male,CSE,1,6.941982272360998,0,0,0,1,0,1,1,1,0,2,Cloud Engineer
285,Female,CSE,1,9.023368251410153,1,0,0,0,0,0,0,0,2,4,DevOps Engineer
286,Male,IT,2,7.404512489927477,0,0,0,0,0,1,1,0,1,2,DevOps Engineer
287,Male,CSE,4,6.899677679290894,0,0,1,0,1,1,1,0,0,2,Data Analyst
288,Female,CSE,2,8.087026591458502,1,0,0,1,0,0,0,0,0,2,DevOps Engineer
289,Male,CSE,2,8.899274778404513,0,0,0,1,0,0,1,1,1,5,Cloud Engineer
290,Female,CSE,1,7.6696212731668,0,0,0,0,1,1,0,1,1,2,DevOps Engineer
291,Male,CSE,3,7.74576954069299,0,0,1,0,0,0,0,1,0,2,DevOps Engineer
292,Male,CSE,2,8.82030620467365,0,0,0,1,0,0,0,0,2,5,DevOps Engineer
293,Female,IT,2,8.10112812248187,1,1,0,0,1,0,1,0,0,3,ML Engineer
294,Male,ECE,3,9.110797743755036,1,1,1,0,1,0,0,0,2,1,ML Engineer
295,Male,EEE,1,9.076954069298951,0,1,0,1,1,1,1,0,1,5,ML Engineer
296,Female,CSE,1,6.84327155519742,0,0,0,0,0,0,1,1,0,5,DevOps Engineer
297,Female,CSE,2,8.230862207896857,1,0,0,1,0,0,0,0,1,2,DevOps Engineer
298,Male,CSE,1,7.384770346494762,0,0,0,0,0,1,0,0,1,2,DevOps Engineer
299,Female,IT,1,8.558017727639001,1,1,0,0,1,0,1,0,1,1,ML Engineer
300,Male,ECE,2,9.198227236099918,0,0,0,1,0,0,0,1,1,2,Cloud Engineer
301,Male,CSE,4,7.176067687348912,0,0,1,0,0,1,1,0,0,4,Data Analyst
302,Female,Mechanical,3,7.328364222401289,0,1,1,1,1,0,0,0,1,2,ML Engineer
303,Female,CSE,3,8.115229653505237,1,0,1,0,1,1,0,0,1,2,Data Analyst
304,Female,IT,2,7.999597099113618,1,0,0,0,0,1,1,1,1,4,Software Developer
305,Female,ECE,4,6.668412570507655,1,0,1,0,1,0,0,0,0,1,DevOps Engineer
306,Female,EEE,2,8.04754230459307,1,1,0,0,0,1,0,1,1,4,DevOps Engineer
307,Female,ECE,1,9.110797743755036,1,1,0,0,1,0,0,1,2,5,ML Engineer
308,Male,EEE,3,8.10958904109589,1,1,1,0,1,0,0,0,0,4,ML Engineer
309,Female,CSE,1,8.005237711522966,1,0,0,0,1,1,1,1,0,3,Software Developer
310,Male,EEE,2,7.977034649476229,0,1,0,0,1,1,1,0,0,5,ML Engineer
311,Male,CSE,3,8.763900080580177,1,0,1,1,0,0,0,1,2,2,Cloud Engineer
312,Male,EEE,4,7.6385979049153905,0,1,1,1,1,1,1,0,1,5,ML Engineer
313,Male,IT,2,8.013698630136986,0,0,0,1,0,1,1,0,0,1,DevOps Engineer
314,Female,EEE,3,8.250604351329573,1,1,1,0,1,1,0,0,1,1,ML Engineer
315,Female,IT,4,6.817888799355358,1,0,1,0,1,1,0,0,0,4,Data Analyst
316,Female,IT,1,8.78082191780822,1,1,0,1,0,0,1,1,2,5,Software Developer
317,Male,IT,2,7.95447219983884,0,0,0,0,1,0,1,0,0,2,DevOps Engineer
318,Male,ECE,2,7.652699435938759,0,0,0,0,0,1,1,1,0,1,DevOps Engineer
319,Male,CSE,2,7.5765511684125695,0,0,0,1,0,0,1,0,0,2,DevOps Engineer
320,Male,CSE,2,7.2465753424657535,0,0,0,1,0,1,0,1,1,3,Cloud Engineer
321,Female,CSE,4,8.707493956486704,1,0,1,0,0,0,1,0,2,1,Software Developer
322,Female,CSE,3,7.624496373892023,1,0,1,0,1,0,1,0,1,4,Software Developer
323,Female,EEE,3,8.236502820306205,1,1,1,1,1,0,1,0,0,3,ML Engineer
324,Male,CSE,2,8.180096696212733,0,0,0,0,0,1,0,1,0,5,DevOps Engineer
325,Female,Mechanical,4,8.594681708299758,1,1,1,1,1,0,0,0,2,2,ML Engineer
326,Female,CSE,4,7.759871071716358,1,0,1,1,1,1,0,0,1,1,Data Analyst
327,Female,CSE,4,7.054794520547944,0,0,1,1,0,0,1,0,1,3,DevOps Engineer
328,Female,ECE,1,6.445608380338436,1,0,0,0,1,0,0,1,0,3,DevOps Engineer
329,Male,ECE,3,7.616035455278002,0,0,1,0,0,0,0,0,1,1,DevOps Engineer
330,Male,IT,1,8.591861402095084,0,0,0,1,1,1,0,0,1,5,DevOps Engineer
331,Male,IT,2,7.497582594681709,0,0,0,1,0,0,0,0,1,5,DevOps Engineer
332,Female,ECE,1,8.52699435938759,1,1,0,1,0,0,1,1,2,4,Software Developer
333,Male,CSE,3,7.556809024979855,0,0,1,0,0,0,1,1,0,5,DevOps Engineer
334,Male,Mechanical,3,8.188557614826752,0,1,1,0,1,0,1,0,1,4,ML Engineer
335,Male,Mechanical,1,9.243352135374698,0,1,0,1,1,1,0,0,1,3,ML Engineer
336,Male,ECE,2,9.5,0,0,0,1,0,1,1,0,1,1,DevOps Engineer
337,Female,CSE,2,8.501611603545527,1,0,0,1,0,0,0,0,1,5,DevOps Engineer
338,Female,ECE,2,8.60314262691378,1,1,0,1,1,1,0,0,1,4,ML Engineer
339,Male,CSE,1,7.534246575342467,0,0,0,0,0,1,0,1,0,3,DevOps Engineer
340,Male,CSE,2,8.335213537469782,0,0,0,1,0,0,0,0,0,5,DevOps Engineer
341,Male,CSE,3,7.748589846897662,0,0,1,1,0,1,0,1,1,2,Data Analyst
342,Male,IT,1,6.57252215954875,0,0,0,0,0,1,1,0,0,3,DevOps Engineer
343,Male,EEE,1,7.040692989524577,0,1,0,1,1,0,1,1,0,5,ML Engineer
344,Male,ECE,2,8.211120064464142,1,1,0,0,1,0,1,0,0,3,ML Engineer
345,Male,ECE,4,7.982675261885576,0,0,1,0,0,1,0,0,0,1,Data Analyst
346,Female,IT,3,8.01087832393231,1,1,1,1,1,1,0,0,1,1,ML Engineer
347,Female,CSE,3,8.259065269943594,1,0,1,0,1,0,0,0,0,1,DevOps Engineer
348,Male,CSE,2,8.146253021756646,0,0,0,0,0,0,1,0,0,2,DevOps Engineer
349,Male,Mechanical,3,8.27880741337631,1,1,1,0,1,0,1,1,1,1,ML Engineer
350,Female,CSE,1,8.950040290088639,1,0,0,0,0,1,1,1,2,2,Software Developer
351,Female,EEE,3,7.068896051571313,0,1,1,0,1,1,0,0,1,1,ML Engineer
352,Female,IT,4,8.067284448025784,1,1,1,0,1,1,1,0,0,3,ML Engineer
353,Female,IT,3,7.0209508460918615,1,0,1,1,0,0,0,0,0,5,DevOps Engineer
354,Male,ECE,4,7.427074939564867,0,0,1,0,1,1,1,0,1,5,Data Analyst
355,Male,IT,3,7.539887187751812,0,0,1,0,0,1,1,0,0,1,Data Analyst
356,Female,EEE,1,8.51853344077357,1,1,0,0,1,0,1,1,2,5,ML Engineer
357,Male,Mechanical,4,8.40290088638195,0,1,1,1,1,0,1,1,0,1,ML Engineer
358,Female,IT,1,7.838839645447219,0,0,0,0,0,1,0,1,1,1,DevOps Engineer
359,Female,CSE,3,7.714746172441579,1,0,1,1,0,1,1,0,0,4,Data Analyst
360,Female,IT,1,8.572119258662369,1,1,0,1,0,0,1,1,2,4,Software Developer
361,Male,Mechanical,1,8.239323126510877,1,1,0,1,0,1,0,1,1,4,Cloud Engineer
362,Female,CSE,2,8.535455278001612,1,0,0,0,0,0,0,0,2,2,DevOps Engineer
363,Male,IT,2,7.87832393231265,0,0,0,1,1,1,0,0,1,4,DevOps Engineer
364,Female,IT,2,7.469379532634972,0,0,0,0,0,1,0,1,1,1,DevOps Engineer
365,Female,ECE,3,7.001208702659146,1,0,1,1,0,1,0,0,1,3,Data Analyst
366,Male,CSE,1,7.838839645447219,0,0,0,1,0,1,1,0,0,4,DevOps Engineer
367,Female,ECE,1,8.92747784045125,1,1,0,0,0,1,0,0,2,4,DevOps Engineer
368,Female,Mechanical,3,9.09105560032232,1,1,1,0,1,0,0,0,2,3,ML Engineer
369,Male,CSE,2,7.75423045930701,0,0,0,0,0,1,1,0,1,1,DevOps Engineer
370,Male,CSE,3,8.219580983078163,0,0,1,1,0,0,1,1,0,2,Cloud Engineer
371,Male,Mechanical,3,7.466559226430297,0,1,1,0,1,0,1,1,0,4,ML Engineer
372,Male,CSE,4,6.812248186946011,0,0,1,0,0,0,0,1,0,3,DevOps Engineer
373,Male,EEE,3,7.548348106365834,0,1,1,0,0,0,1,0,1,1,DevOps Engineer
374,Female,IT,2,7.621676067687348,1,0,0,1,0,1,1,1,1,5,Software Developer
375,Male,CSE,3,7.370668815471394,0,0,1,1,0,0,0,0,1,2,DevOps Engineer
376,Male,EEE,2,7.58501208702659,0,1,0,1,1,1,0,0,0,3,ML Engineer
377,Female,IT,2,7.463738920225625,1,0,0,1,0,1,1,0,0,3,Software Developer
378,Male,IT,3,7.720386784850927,0,0,1,0,1,0,1,0,1,3,DevOps Engineer
379,Female,CSE,2,7.438356164383562,1,0,0,0,0,1,1,0,1,4,Software Developer
380,Male,IT,3,6.527397260273973,0,0,1,1,0,0,1,0,0,5,DevOps Engineer
381,Male,CSE,4,7.438356164383561,0,0,1,0,0,0,1,0,1,2,DevOps Engineer
382,Female,CSE,4,8.879532634971797,1,0,1,0,0,1,1,0,1,1,Data Analyst
383,Female,Mechanical,4,8.574939564867043,1,1,1,0,1,0,0,1,2,1,ML Engineer
384,Female,CSE,2,8.033440773569701,1,0,0,0,0,0,0,0,1,5,DevOps Engineer
385,Female,ECE,2,7.80781627719581,1,0,0,0,1,1,0,1,1,3,DevOps Engineer
386,Female,CSE,3,7.404512489927477,1,0,1,1,0,1,1,0,0,3,Data Analyst
387,Male,ECE,2,7.190169218372279,0,0,0,0,1,0,1,0,1,3,DevOps Engineer
388,Male,CSE,3,8.456486704270748,0,0,1,0,0,1,1,1,1,3,Data Analyst
389,Female,Mechanical,3,7.855761482675262,1,1,1,0,0,1,0,0,0,3,Data Analyst
390,Female,IT,3,8.120870265914585,1,1,1,1,0,1,1,0,0,5,Data Analyst
391,Female,CSE,2,7.737308622078968,1,0,0,0,0,0,0,1,0,4,DevOps Engineer
392,Male,CSE,1,7.78525382755842,0,0,0,1,0,1,0,0,1,2,DevOps Engineer
393,Male,CSE,2,7.300161160354553,0,0,0,1,0,1,1,1,0,3,Cloud Engineer
394,Female,IT,1,7.0886381950040285,1,0,0,0,0,1,1,0,0,4,Software Developer
395,Male,CSE,4,8.40290088638195,1,0,1,1,1,1,1,0,1,1,Data Analyst
396,Female,EEE,2,8.058823529411764,1,1,0,1,1,0,0,0,0,5,ML Engineer
397,Female,IT,1,8.679290894439967,1,1,0,1,1,0,0,0,1,4,ML Engineer
398,Male,CSE,1,8.383158742949234,1,0,0,1,0,0,0,1,0,3,Cloud Engineer
399,Female,IT,3,7.5765511684125695,1,0,1,0,0,0,0,1,1,3,DevOps Engineer
400,Female,ECE,3,7.215551974214343,1,0,1,0,0,1,1,0,1,3,Data Analyst
401,Male,CSE,2,7.334004834810637,0,0,0,0,0,0,1,0,0,4,DevOps Engineer
402,Female,CSE,1,6.820709105560032,1,0,0,0,0,1,1,1,0,3,Software Developer
403,Female,CSE,2,7.085817888799356,0,0,0,1,0,1,0,0,1,4,DevOps Engineer
404,Female,ECE,2,8.129331184528606,1,1,0,0,1,0,1,0,1,3,ML Engineer
405,Male,ECE,3,8.205479452054796,1,1,1,1,1,0,0,0,0,1,ML Engineer
406,Female,IT,3,7.886784850926672,1,0,1,1,0,1,1,0,0,1,Data Analyst
407,Male,EEE,2,7.819097502014504,0,1,0,1,1,1,0,1,0,2,ML Engineer
408,Male,EEE,2,7.844480257856568,0,1,0,1,0,0,0,1,0,3,Cloud Engineer
409,Female,IT,4,6.592264302981466,1,0,1,0,0,0,1,0,0,3,Software Developer
410,Male,EEE,2,7.7232070910556,0,1,0,0,1,1,1,0,1,4,ML Engineer
411,Male,CSE,3,7.912167606768734,0,0,1,0,0,1,0,0,1,4,Data Analyst
412,Female,CSE,1,7.0886381950040285,1,0,0,0,0,0,0,0,0,3,DevOps Engineer
413,Female,CSE,2,7.460918614020951,1,0,0,0,0,1,1,0,0,2,Software Developer
414,Female,CSE,1,7.49194198227236,0,0,0,0,0,0,0,1,0,3,DevOps Engineer
415,Female,IT,3,8.273166800966962,1,1,1,1,1,0,0,0,1,4,ML Engineer
416,Male,Mechanical,4,7.717566478646253,0,1,1,0,1,0,0,0,0,3,ML Engineer
417,Male,CSE,2,7.342465753424657,0,0,0,0,0,0,0,0,1,4,DevOps Engineer
418,Male,CSE,1,9.096696212731668,1,0,0,1,0,0,1,0,1,3,Software Developer
419,Female,IT,1,7.190169218372279,1,0,0,0,0,0,1,0,1,5,Software Developer
420,Female,Mechanical,2,7.864222401289282,1,1,0,0,0,0,1,1,1,4,Software Developer
421,Female,CSE,1,7.4439967767929085,1,0,0,1,0,0,1,0,0,2,Software Developer
422,Female,IT,1,8.17163577759871,1,1,0,1,1,0,0,1,0,5,ML Engineer
423,Male,CSE,3,6.073327961321515,0,0,1,1,0,1,0,0,0,3,Data Analyst
424,Male,CSE,2,7.018130539887188,0,0,0,0,1,0,0,0,1,4,DevOps Engineer
425,Male,Mechanical,2,8.16317485898469,0,1,0,1,1,0,0,0,0,5,ML Engineer
426,Female,Mechanical,4,7.844480257856566,0,1,1,1,1,1,0,0,1,2,ML Engineer
427,Male,CSE,1,8.112409347300565,1,0,0,0,0,1,1,0,0,4,Software Developer
428,Female,Mechanical,4,7.802175664786462,1,1,1,1,0,0,1,0,1,5,Software Developer
429,Male,IT,2,7.085817888799355,0,0,0,1,0,1,0,1,0,5,Cloud Engineer
430,Male,EEE,4,7.393231265108783,0,1,1,0,1,1,1,1,1,5,ML Engineer
431,Male,IT,3,7.133763094278807,0,0,1,0,0,1,1,0,1,1,Data Analyst
432,Female,IT,4,6.420225624496373,1,0,1,1,0,0,1,0,0,3,Software Developer
433,Female,IT,4,7.804995970991136,1,0,1,1,0,1,1,0,1,4,Data Analyst
434,Male,ECE,2,8.75825946817083,0,0,0,0,1,0,1,0,2,4,DevOps Engineer
435,Male,CSE,4,6.098710717163577,0,0,1,1,0,1,1,0,0,4,Data Analyst
436,Female,CSE,2,7.218372280419016,1,0,0,0,0,1,1,1,1,5,Software Developer
437,Male,CSE,2,7.802175664786462,0,0,0,0,0,0,1,0,0,3,DevOps Engineer
438,Female,ECE,2,8.944399677679291,1,1,0,0,1,1,0,0,2,2,ML Engineer
439,Female,CSE,3,7.94037066881547,1,0,1,1,1,0,0,0,1,4,DevOps Engineer
440,Male,ECE,1,7.821917808219178,0,0,0,1,0,1,1,0,0,3,DevOps Engineer
441,Male,Mechanical,3,8.259065269943594,0,1,1,0,1,0,0,1,1,3,ML Engineer
442,Female,CSE,3,7.816277195809832,1,0,1,0,1,0,0,0,1,1,DevOps Engineer
443,Male,ECE,3,7.912167606768734,0,0,1,0,0,0,1,0,1,4,DevOps Engineer
444,Male,IT,4,7.63013698630137,0,0,1,1,0,1,0,1,0,5,Data Analyst
445,Female,EEE,2,7.469379532634972,1,1,0,1,1,0,1,0,0,3,ML Engineer
446,Female,CSE,2,7.432715551974214,1,0,0,1,1,0,1,1,0,3,Software Developer
447,Female,ECE,2,6.910958904109589,1,0,0,1,0,0,1,0,0,2,Software Developer
448,Female,EEE,1,8.837228041901692,1,1,0,1,1,1,0,0,1,1,ML Engineer
449,Male,Mechanical,1,8.98952457695407,1,1,0,0,1,1,0,1,2,3,ML Engineer
450,Male,ECE,2,8.211120064464142,0,0,0,0,1,0,1,0,0,3,DevOps Engineer
451,Female,IT,2,8.106768734891215,1,1,0,0,1,0,1,0,0,5,ML Engineer
452,Female,IT,4,7.051974214343271,0,0,1,1,0,0,1,0,1,5,DevOps Engineer
453,Male,EEE,3,8.143432715551974,1,1,1,1,1,0,0,0,0,2,ML Engineer
454,Female,IT,2,7.01248992747784,1,0,0,0,1,0,0,1,0,2,DevOps Engineer
455,Male,CSE,3,6.8940370668815465,0,0,1,1,1,1,1,1,0,2,Data Analyst
456,Male,Mechanical,1,9.02054794520548,1,1,0,0,0,0,0,1,1,5,DevOps Engineer
457,Male,ECE,2,7.700644641418211,0,0,0,0,0,0,1,1,0,5,DevOps Engineer
458,Male,ECE,3,7.562449637389202,0,0,1,1,0,0,0,0,1,1,DevOps Engineer
459,Male,CSE,2,7.074536663980661,0,0,0,1,0,1,0,0,1,4,DevOps Engineer
460,Male,ECE,2,8.408541498791298,0,0,0,1,0,1,0,0,1,4,DevOps Engineer
461,Male,CSE,4,7.957292506043514,0,0,1,0,0,1,0,0,0,1,Data Analyst
462,Female,ECE,4,7.486301369863012,1,0,1,0,0,0,1,0,1,4,Software Developer
463,Female,CSE,3,7.632957292506044,1,0,1,1,1,0,1,1,0,5,Software Developer
464,Female,ECE,3,6.89685737308622,0,0,1,0,0,0,0,0,0,4,DevOps Engineer
465,Female,Mechanical,3,8.039081385979049,1,1,1,0,1,0,1,0,0,5,ML Engineer
466,Male,CSE,2,8.168815471394037,1,0,0,1,0,1,0,0,0,1,DevOps Engineer
467,Male,Mechanical,2,7.883964544721998,0,1,0,0,0,1,1,1,0,2,DevOps Engineer
468,Female,IT,1,8.825946817082997,1,1,0,1,0,1,0,1,1,1,Cloud Engineer
469,Male,EEE,2,7.294520547945205,0,1,0,1,1,1,1,1,0,4,ML Engineer
470,Female,ECE,3,8.62006446414182,1,1,1,0,1,0,1,0,2,5,ML Engineer
471,Male,IT,2,7.01248992747784,0,0,0,0,1,1,1,1,0,4,DevOps Engineer
472,Female,ECE,4,7.0829975825946825,1,0,1,1,1,0,1,0,0,4,Software Developer
473,Male,EEE,4,7.226833199033038,0,1,1,1,1,0,1,1,0,2,ML Engineer
474,Female,IT,3,8.58904109589041,1,1,1,1,1,1,1,0,2,4,ML Engineer
475,Female,CSE,3,7.294520547945205,0,0,1,1,0,0,1,0,0,2,DevOps Engineer
476,Female,ECE,4,7.379129734085415,1,0,1,1,0,0,1,0,1,5,Software Developer
477,Male,EEE,1,6.580983078162771,0,1,0,1,1,0,1,1,0,5,ML Engineer
478,Female,ECE,3,8.775181305398872,1,1,1,0,1,1,0,0,2,2,ML Engineer
479,Female,ECE,1,8.366236905721193,1,1,0,0,1,1,1,1,0,1,ML Engineer
480,Female,IT,3,7.224012892828364,0,0,1,0,0,0,0,0,0,5,DevOps Engineer
481,Female,EEE,2,7.2522159548751,1,1,0,0,0,1,1,0,0,1,Software Developer
482,Female,CSE,4,7.78525382755842,1,0,1,0,0,0,0,0,1,5,DevOps Engineer
483,Male,IT,4,7.376309427880741,0,0,1,0,0,0,1,0,0,5,DevOps Engineer
484,Female,CSE,1,7.604754230459306,1,0,0,1,0,1,0,0,0,3,DevOps Engineer
485,Female,CSE,2,7.356567284448024,0,0,0,0,0,1,0,0,0,4,DevOps Engineer
486,Female,CSE,4,7.613215149073327,1,0,1,0,1,1,0,1,1,4,Data Analyst
487,Male,CSE,2,7.917808219178083,0,0,0,0,0,0,1,0,0,1,DevOps Engineer
488,Male,ECE,4,8.594681708299758,0,0,1,0,0,1,0,1,1,4,Data Analyst
489,Female,CSE,3,8.417002417405318,1,0,1,0,1,1,0,0,1,1,Data Analyst
490,Female,IT,2,9.040290088638194,1,1,0,0,1,1,1,1,2,5,ML Engineer
491,Male,CSE,2,7.903706688154713,0,0,0,0,0,0,1,0,1,3,DevOps Engineer
492,Female,CSE,2,7.31426269137792,1,0,0,1,0,1,0,0,0,3,DevOps Engineer
493,Male,CSE,3,7.528605962933117,0,0,1,1,0,1,0,0,1,5,Data Analyst
494,Male,CSE,2,7.649879129734084,0,0,0,1,1,0,0,0,1,2,DevOps Engineer
495,Male,IT,3,7.517324738114423,0,0,1,1,1,0,1,1,0,2,Cloud Engineer
496,Male,ECE,2,7.063255439161966,0,0,0,0,0,0,0,0,1,4,DevOps Engineer
497,Female,IT,3,7.982675261885576,0,0,1,1,0,1,0,0,0,1,Data Analyst
498,Male,IT,4,7.934730056406124,0,0,1,1,0,1,0,1,1,3,Data Analyst
499,Female,CSE,4,8.10958904109589,1,0,1,0,0,1,0,0,0,4,Data Analyst
500,Female,EEE,2,8.191377921031425,1,1,0,1,1,1,1,1,1,5,ML Engineer
501,Female,IT,4,8.188557614826752,1,1,1,0,1,1,0,0,0,3,ML Engineer
502,Female,IT,3,8.154713940370668,1,1,1,1,1,0,0,1,1,1,ML Engineer
503,Male,CSE,3,6.846091861402095,0,0,1,1,0,0,0,0,0,1,DevOps Engineer
504,Female,CSE,4,7.647058823529411,1,0,1,0,0,0,0,0,0,2,DevOps Engineer
505,Female,CSE,2,7.903706688154713,1,0,0,1,0,0,0,0,1,4,DevOps Engineer
506,Male,CSE,1,7.537066881547139,0,0,0,1,0,0,1,1,1,5,Cloud Engineer
507,Female,IT,4,7.2522159548751,1,0,1,1,1,1,1,0,0,3,Data Analyst
508,Female,IT,2,7.082997582594681,1,0,0,0,0,0,1,0,1,1,Software Developer
509,Female,IT,4,8.312651087832393,1,1,1,1,1,0,1,1,1,3,ML Engineer
510,Female,ECE,4,7.590652699435938,1,0,1,0,1,0,1,1,0,5,Software Developer
511,Female,EEE,1,6.640209508460918,1,1,0,0,0,0,0,1,0,3,DevOps Engineer
512,Male,ECE,4,7.9629331184528604,0,0,1,0,0,1,1,1,0,4,Data Analyst
513,Female,Mechanical,2,7.596293311845286,1,1,0,1,0,1,1,0,1,2,Software Developer
514,Female,CSE,3,7.263497179693795,1,0,1,1,0,1,1,0,0,3,Data Analyst
515,Male,CSE,3,8.075745366639806,0,0,1,1,0,0,1,1,0,2,Cloud Engineer
516,Male,CSE,4,8.230862207896857,0,0,1,1,0,1,0,1,0,5,Data Analyst
517,Male,IT,1,8.679290894439967,1,1,0,0,1,1,1,0,1,2,ML Engineer
518,Female,EEE,2,8.495970991136181,1,1,0,0,1,1,1,0,0,3,ML Engineer
519,Female,CSE,3,8.414182111200644,1,0,1,0,0,0,1,1,0,3,Software Developer
520,Male,Mechanical,3,8.146253021756648,0,1,1,0,0,1,0,0,1,1,Data Analyst
521,Female,CSE,3,7.362207896857373,0,0,1,0,1,1,0,0,1,3,Data Analyst
522,Male,Mechanical,1,7.548348106365834,0,1,0,0,1,1,0,0,0,2,ML Engineer
523,Female,CSE,2,6.716357775987106,1,0,0,0,1,1,1,0,0,1,Software Developer
524,Female,CSE,2,7.627316680096696,1,0,0,0,0,0,0,1,1,3,DevOps Engineer
525,Female,IT,4,6.8291700241740525,1,0,1,0,1,1,0,0,0,3,Data Analyst
526,Male,CSE,2,8.470588235294116,1,0,0,0,0,0,1,1,1,5,Software Developer
527,Male,CSE,2,7.24375503626108,0,0,0,1,1,1,0,0,1,1,DevOps Engineer
528,Male,CSE,4,8.05600322320709,0,0,1,1,1,0,1,0,0,5,DevOps Engineer
529,Male,EEE,1,7.627316680096696,0,1,0,1,1,0,0,1,0,5,ML Engineer
530,Female,IT,4,7.627316680096696,1,0,1,0,0,0,1,0,1,5,Software Developer
531,Female,CSE,3,8.149073327961322,1,0,1,0,0,1,1,0,1,4,Data Analyst
532,Female,IT,4,7.136583400483481,1,0,1,1,0,0,1,0,1,5,Software Developer
533,Female,ECE,2,8.143432715551974,1,1,0,0,1,1,1,0,1,2,ML Engineer
534,Female,CSE,1,7.3452860596293315,0,0,0,0,0,1,0,0,0,3,DevOps Engineer
535,Female,IT,3,8.769540692989525,1,1,1,0,1,0,0,1,2,4,ML Engineer
536,Female,CSE,4,8.448025785656728,1,0,1,0,0,0,0,1,0,5,DevOps Engineer
537,Female,CSE,3,6.964544721998388,1,0,1,0,0,0,1,1,0,3,Software Developer
538,Male,ECE,1,7.435535858178888,0,0,0,0,0,1,1,0,0,1,DevOps Engineer
539,Male,CSE,3,7.726027397260273,0,0,1,1,0,1,0,0,1,1,Data Analyst
540,Male,IT,3,8.608783239323126,0,0,1,0,0,0,1,0,1,3,DevOps Engineer
541,Female,ECE,3,8.098307816277197,1,1,1,0,0,0,0,0,0,2,DevOps Engineer
542,Female,CSE,3,7.714746172441579,1,0,1,1,0,1,1,0,1,3,Data Analyst
543,Male,IT,4,7.793714746172442,0,0,1,0,0,1,1,0,0,3,Data Analyst
544,Female,CSE,3,8.160354552780015,1,0,1,0,0,1,0,1,1,4,Data Analyst
545,Female,Mechanical,1,8.834407735697019,1,1,0,1,1,1,0,0,2,1,ML Engineer
546,Male,IT,2,7.593473005640612,0,0,0,0,1,0,0,0,1,1,DevOps Engineer
547,Male,EEE,1,7.503223207091056,0,1,0,0,0,0,1,1,0,5,DevOps Engineer
548,Female,IT,2,8.73569701853344,1,1,0,0,1,0,1,0,1,3,ML Engineer
549,Female,CSE,2,7.046333601933925,0,0,0,0,0,0,0,1,0,3,DevOps Engineer
550,Female,IT,1,7.678082191780822,1,0,0,0,1,0,0,1,0,2,DevOps Engineer
551,Female,Mechanical,2,8.625705076551167,1,1,0,1,1,0,0,1,1,1,ML Engineer
552,Female,IT,1,7.745769540692989,1,0,0,0,0,0,1,0,1,2,Software Developer
553,Female,EEE,4,6.524576954069299,0,1,1,0,0,1,1,1,0,4,Data Analyst
554,Female,EEE,4,8.134971796937954,1,1,1,0,1,1,0,0,0,5,ML Engineer
555,Female,CSE,1,7.10556003223207,1,0,0,0,0,1,1,1,1,2,Software Developer
556,Male,CSE,4,8.617244157937147,1,0,1,1,0,1,1,0,1,1,Data Analyst
557,Male,IT,3,8.349315068493151,0,0,1,0,0,0,0,0,1,4,DevOps Engineer
558,Male,IT,2,8.417002417405318,0,0,0,0,0,1,0,0,1,3,DevOps Engineer
559,Female,EEE,1,7.537066881547139,1,1,0,0,1,0,1,0,0,4,ML Engineer
560,Female,Mechanical,3,7.562449637389203,1,1,1,0,1,1,1,1,0,2,ML Engineer
561,Female,CSE,3,8.312651087832393,1,0,1,0,1,0,0,1,1,1,DevOps Engineer
562,Male,CSE,3,7.621676067687348,0,0,1,1,0,1,0,1,1,2,Data Analyst
563,Male,ECE,1,7.855761482675262,0,0,0,0,1,0,0,0,1,3,DevOps Engineer
564,Male,CSE,1,8.247784045124899,0,0,0,0,0,0,1,1,0,3,DevOps Engineer
565,Male,EEE,2,7.788074133763094,0,1,0,0,1,1,0,0,0,1,ML Engineer
566,Female,IT,2,8.126510878323932,1,1,0,1,1,0,0,1,1,5,ML Engineer
567,Male,ECE,2,7.695004029008864,0,0,0,0,0,1,1,1,1,4,DevOps Engineer
568,Male,CSE,2,8.391619661563254,1,0,0,1,0,1,1,0,0,4,Software Developer
569,Female,IT,4,8.419822723609991,1,1,1,1,0,1,0,1,1,3,Data Analyst
570,Male,IT,4,9.006446414182111,1,1,1,1,1,1,0,0,2,2,ML Engineer
571,Female,IT,2,7.551168412570507,0,0,0,0,0,1,1,0,0,2,DevOps Engineer
572,Female,CSE,4,6.493553585817888,1,0,1,0,0,0,0,0,0,5,DevOps Engineer
573,Male,ECE,2,7.286059629331184,0,0,0,1,0,1,0,0,0,2,DevOps Engineer
574,Female,EEE,2,7.641418211120063,1,1,0,1,1,1,1,1,0,4,ML Engineer
575,Female,CSE,2,8.6651893634166,1,0,0,1,1,1,0,0,2,2,DevOps Engineer
576,Female,CSE,3,7.373489121676067,1,0,1,0,0,0,1,0,0,5,Software Developer
577,Male,CSE,4,7.827558420628526,0,0,1,0,0,1,1,0,0,4,Data Analyst
578,Female,IT,3,7.080177276390009,1,0,1,0,0,1,0,1,1,2,Data Analyst
579,Male,IT,2,8.352135374697824,1,1,0,1,1,1,0,1,1,4,ML Engineer
580,Male,IT,3,8.31829170024174,0,0,1,0,0,0,1,1,1,3,DevOps Engineer
581,Male,CSE,1,8.160354552780017,1,0,0,0,1,0,1,1,1,3,Software Developer
582,Female,CSE,4,7.833199033037872,1,0,1,1,0,0,1,0,0,3,Software Developer
583,Male,IT,3,7.15914585012087,0,0,1,0,1,1,1,0,1,2,Data Analyst
584,Male,IT,2,7.286059629331184,0,0,0,1,1,1,0,0,1,5,DevOps Engineer
585,Female,Mechanical,3,6.922240128928283,1,1,1,0,1,0,1,0,0,4,ML Engineer
586,Male,CSE,3,7.381950040290087,0,0,1,0,1,0,0,1,1,1,DevOps Engineer
587,Male,ECE,1,8.501611603545527,0,0,0,0,0,0,0,0,1,3,DevOps Engineer
588,Male,IT,3,7.692183722804191,0,0,1,1,0,0,0,1,0,3,Cloud Engineer
589,Male,IT,2,7.288879935535858,0,0,0,0,0,1,0,0,1,1,DevOps Engineer
590,Male,ECE,3,7.788074133763095,0,0,1,0,1,1,1,0,0,1,Data Analyst
591,Male,ECE,4,7.322723609991941,0,0,1,1,0,0,0,0,1,2,DevOps Engineer
592,Female,Mechanical,4,7.762691377921031,1,1,1,0,1,1,0,1,1,4,ML Engineer
593,Male,CSE,3,7.500402900886382,0,0,1,0,0,0,0,1,1,3,DevOps Engineer
594,Male,CSE,3,6.685334407735697,0,0,1,0,0,1,1,1,0,5,Data Analyst
595,Female,ECE,1,8.724415793714746,1,1,0,0,1,0,1,0,2,2,ML Engineer
596,Male,IT,3,8.538275584206284,1,1,1,1,1,0,0,1,2,2,ML Engineer
597,Female,CSE,2,8.039081385979049,1,0,0,0,1,0,0,0,0,5,DevOps Engineer
598,Male,CSE,2,8.902095084609186,0,0,0,0,0,1,0,0,2,5,DevOps Engineer
599,Male,CSE,2,8.126510878323932,0,0,0,0,0,1,1,1,1,5,DevOps Engineer
600,Male,EEE,1,8.54109589041096,0,1,0,1,1,1,1,0,1,1,ML Engineer
601,Male,CSE,3,8.180096696212733,0,0,1,0,0,0,1,1,0,3,DevOps Engineer
602,Male,CSE,1,8.050362610797745,0,0,0,0,1,0,1,0,0,1,DevOps Engineer
603,Male,CSE,3,7.647058823529412,0,0,1,0,1,0,0,0,1,3,DevOps Engineer
604,Male,CSE,2,7.012489927477841,0,0,0,0,0,1,1,1,0,1,DevOps Engineer
605,Male,CSE,1,8.51853344077357,0,0,0,0,1,0,1,0,2,4,DevOps Engineer
606,Male,IT,3,8.205479452054796,1,1,1,0,1,1,0,1,0,3,ML Engineer
607,Male,CSE,1,8.806204673650281,0,0,0,1,1,1,0,0,2,2,DevOps Engineer
608,Male,EEE,2,7.635777598710717,0,1,0,0,0,1,1,1,1,3,DevOps Engineer
609,Female,CSE,3,7.435535858178888,0,0,1,1,1,0,1,0,0,3,DevOps Engineer
610,Female,IT,1,7.703464947622884,1,0,0,1,0,0,0,0,1,3,DevOps Engineer
611,Male,EEE,4,8.137792103142626,0,1,1,0,1,0,1,0,1,4,ML Engineer
612,Female,ECE,1,8.87389202256245,1,1,0,0,0,1,1,0,2,1,Software Developer
613,Female,IT,2,7.635777598710717,1,0,0,0,0,1,0,1,0,2,DevOps Engineer
614,Male,CSE,3,8.63416599516519,0,0,1,1,0,0,0,0,2,1,DevOps Engineer
615,Female,CSE,2,7.009669621273167,1,0,0,0,0,0,0,0,1,1,DevOps Engineer
616,Female,ECE,1,6.944802578565672,1,0,0,0,0,1,1,0,0,5,Software Developer
617,Male,Mechanical,2,7.951651893634166,0,1,0,0,1,1,0,0,1,4,ML Engineer
618,Male,ECE,2,8.11804995970991,0,0,0,1,1,0,0,1,0,5,Cloud Engineer
619,Female,IT,4,7.356567284448026,1,0,1,1,0,1,1,1,1,4,Data Analyst
620,Female,ECE,2,6.521756647864624,1,0,0,0,1,0,1,0,0,1,Software Developer
621,Male,IT,3,6.798146655922642,0,0,1,1,1,0,0,1,0,1,Cloud Engineer
622,Male,CSE,4,7.8980660757453665,0,0,1,0,1,1,0,0,1,4,Data Analyst
623,Male,IT,2,6.631748589846897,0,0,0,0,0,1,0,0,0,1,DevOps Engineer
624,Male,Mechanical,4,8.625705076551169,1,1,1,1,1,1,1,1,2,1,ML Engineer
625,Female,CSE,2,8.041901692183723,1,0,0,0,1,0,1,0,0,2,Software Developer
626,Male,ECE,4,7.009669621273167,0,0,1,0,0,1,0,1,0,5,Data Analyst
627,Male,CSE,1,7.844480257856567,0,0,0,0,0,0,1,1,0,5,DevOps Engineer
628,Female,IT,3,8.34085414987913,1,1,1,1,1,0,1,0,0,5,ML Engineer
629,Male,CSE,2,7.86986301369863,0,0,0,1,0,1,1,1,0,3,Cloud Engineer
630,Male,IT,2,8.538275584206286,0,0,0,1,0,0,1,1,1,2,Cloud Engineer
631,Female,ECE,3,7.56809024979855,1,0,1,1,0,1,0,0,1,5,Data Analyst
632,Female,CSE,3,8.501611603545527,1,0,1,0,0,1,0,1,1,5,Data Analyst
633,Female,ECE,1,8.11804995970991,1,1,0,0,1,0,1,0,1,2,ML Engineer
634,Female,ECE,1,7.74576954069299,0,0,0,0,1,0,1,1,0,1,DevOps Engineer
635,Male,Mechanical,3,8.087026591458502,0,1,1,0,0,0,1,1,0,5,DevOps Engineer
636,Male,CSE,3,6.690975020145044,0,0,1,0,1,0,0,0,0,1,DevOps Engineer
637,Female,CSE,4,7.232473811442384,0,0,1,1,0,1,1,0,0,5,Data Analyst
638,Male,CSE,3,7.663980660757453,0,0,1,0,0,1,1,1,0,4,Data Analyst
639,Male,Mechanical,4,8.397260273972604,0,1,1,0,1,0,0,0,1,3,ML Engineer
640,Male,Mechanical,3,7.102739726027397,0,1,1,0,1,0,0,0,1,5,ML Engineer
641,Male,IT,2,8.462127316680096,0,0,0,0,1,1,1,0,0,4,DevOps Engineer
642,Male,EEE,1,8.165995165189363,1,1,0,1,1,1,1,0,0,2,ML Engineer
643,Male,IT,3,6.910958904109589,0,0,1,0,1,0,0,0,0,4,DevOps Engineer
644,Male,IT,3,7.049153908138598,0,0,1,0,0,0,1,0,0,2,DevOps Engineer
645,Male,CSE,1,7.164786462530217,0,0,0,1,1,1,0,0,1,5,DevOps Engineer
646,Female,ECE,2,7.212731668009669,1,0,0,0,1,0,0,1,1,2,DevOps Engineer
647,Female,CSE,4,8.129331184528604,1,0,1,0,0,0,1,0,1,4,Software Developer
648,Female,EEE,3,8.180096696212733,1,1,1,0,1,1,1,0,1,3,ML Engineer
649,Female,ECE,2,7.9939564867042705,1,0,0,0,1,1,1,0,1,1,Software Developer
650,Male,ECE,2,8.270346494762288,1,1,0,1,0,1,1,0,0,1,Software Developer
651,Male,CSE,2,7.381950040290087,0,0,0,1,0,1,0,0,0,3,DevOps Engineer
652,Female,CSE,2,7.269137792103142,0,0,0,0,1,1,1,0,1,1,DevOps Engineer
653,Female,CSE,2,9.31385979049154,1,0,0,1,0,0,0,0,2,5,DevOps Engineer
654,Female,CSE,1,8.67929089443997,1,0,0,0,1,0,0,1,2,5,DevOps Engineer
655,Male,CSE,3,7.895245769540693,0,0,1,0,0,0,0,1,1,4,DevOps Engineer
656,Male,Mechanical,2,7.288879935535858,0,1,0,0,0,0,0,1,0,4,DevOps Engineer
657,Male,IT,4,6.690975020145044,0,0,1,0,1,1,0,1,0,2,Data Analyst
658,Male,CSE,4,7.827558420628526,0,0,1,0,0,1,0,1,1,4,Data Analyst
659,Female,CSE,2,8.275987107171636,1,0,0,1,0,1,0,0,1,5,DevOps Engineer
660,Female,IT,3,7.432715551974214,0,0,1,1,1,1,0,1,0,4,Data Analyst
661,Male,IT,2,8.346494762288478,1,1,0,0,1,0,1,0,1,1,ML Engineer
662,Female,IT,4,7.649879129734084,1,0,1,0,0,0,0,1,1,2,DevOps Engineer
663,Female,Mechanical,2,8.087026591458502,1,1,0,0,1,1,0,1,0,2,ML Engineer
664,Male,IT,3,8.197018533440774,0,0,1,0,1,1,1,0,0,5,Data Analyst
665,Male,Mechanical,3,7.455278001611603,0,1,1,0,1,1,1,0,0,4,ML Engineer
666,Male,EEE,2,8.157534246575342,0,1,0,0,1,1,1,0,1,1,ML Engineer
667,Male,CSE,1,7.328364222401289,0,0,0,1,0,1,0,1,0,4,Cloud Engineer
668,Male,Mechanical,3,9.23771152296535,0,1,1,0,1,1,1,1,2,3,ML Engineer
669,Male,CSE,3,8.30983078162772,0,0,1,0,0,0,0,1,1,4,DevOps Engineer
670,Male,EEE,2,7.954472199838841,0,1,0,0,1,1,0,0,0,5,ML Engineer
671,Male,CSE,3,7.951651893634166,0,0,1,0,0,1,0,1,1,4,Data Analyst
672,Female,EEE,2,7.649879129734084,1,1,0,0,1,0,1,0,1,2,ML Engineer
673,Male,EEE,3,8.115229653505237,0,1,1,1,1,1,0,1,0,1,ML Engineer
674,Female,EEE,1,8.287268331990331,1,1,0,0,0,0,0,0,0,5,DevOps Engineer
675,Male,ECE,4,7.7711522965350515,0,0,1,1,0,1,0,0,1,3,Data Analyst
676,Female,CSE,2,8.600322320709104,1,0,0,0,1,0,1,0,2,1,Software Developer
677,Male,CSE,2,7.224012892828363,0,0,0,0,0,1,1,1,0,1,DevOps Engineer
678,Male,IT,1,8.199838839645446,1,1,0,0,1,0,0,1,0,2,ML Engineer
679,Female,CSE,1,7.040692989524577,1,0,0,1,0,1,1,0,0,2,Software Developer
680,Female,ECE,3,6.874294923448831,1,0,1,0,0,0,1,0,0,2,Software Developer
681,Female,CSE,2,7.96293311845286,1,0,0,1,0,0,1,1,1,5,Software Developer
682,Male,Mechanical,4,7.176067687348911,0,1,1,0,1,0,0,0,0,4,ML Engineer
683,Male,IT,1,7.658340048348107,0,0,0,1,1,1,1,1,1,1,Cloud Engineer
684,Female,EEE,2,7.881144238517325,1,1,0,0,1,0,0,0,1,4,ML Engineer
685,Female,CSE,2,7.300161160354553,1,0,0,1,1,0,1,0,0,4,Software Developer
686,Female,EEE,1,7.071716357775987,0,1,0,0,1,1,0,1,1,2,ML Engineer
687,Female,Mechanical,1,7.477840451248992,0,1,0,1,0,1,0,1,0,4,Cloud Engineer
688,Male,IT,2,8.106768734891217,0,0,0,0,0,1,0,0,1,1,DevOps Engineer
689,Female,IT,2,9.096696212731668,1,1,0,0,1,0,1,0,1,1,ML Engineer
690,Male,ECE,2,7.675261885576148,0,0,0,0,1,1,0,1,1,3,DevOps Engineer
691,Male,CSE,3,7.776792908944399,0,0,1,1,0,0,1,0,1,5,DevOps Engineer
692,Male,IT,3,9.285656728444804,1,1,1,0,1,0,0,1,1,4,ML Engineer
693,Female,CSE,1,6.648670427074939,0,0,0,1,0,1,1,0,0,5,DevOps Engineer
694,Male,CSE,2,8.552377115229653,0,0,0,0,0,1,1,0,1,5,DevOps Engineer
695,Male,CSE,4,8.312651087832393,0,0,1,0,0,1,1,1,0,5,Data Analyst
696,Female,CSE,3,8.084206285253828,1,0,1,0,1,0,1,1,0,5,Software Developer
697,Male,CSE,3,8.84286865431104,0,0,1,1,0,0,1,0,2,1,DevOps Engineer
698,Female,CSE,2,7.864222401289282,0,0,0,1,0,0,0,1,1,4,Cloud Engineer
699,Male,Mechanical,3,7.717566478646253,0,1,1,1,0,1,1,0,0,3,Data Analyst
700,Male,IT,3,8.30983078162772,1,1,1,0,1,0,0,0,1,5,ML Engineer
701,Female,Mechanical,3,8.030620467365027,1,1,1,1,1,0,1,1,1,3,ML Engineer
702,Male,IT,4,8.501611603545529,0,0,1,1,0,0,1,1,2,1,Cloud Engineer
703,Male,CSE,1,7.8670427074939555,0,0,0,0,0,1,0,1,0,1,DevOps Engineer
704,Male,IT,1,7.108380338436744,0,0,0,1,0,0,0,0,0,2,DevOps Engineer
705,Male,IT,3,8.259065269943594,0,0,1,1,0,1,0,0,0,5,Data Analyst
706,Female,CSE,4,7.173247381144239,1,0,1,1,0,0,1,0,1,2,Software Developer
707,Male,IT,1,7.334004834810637,0,0,0,1,1,1,1,0,0,3,DevOps Engineer
708,Female,CSE,2,9.026188557614828,1,0,0,0,0,0,1,1,2,4,Software Developer
709,Male,IT,1,7.661160354552781,0,0,0,0,1,1,1,0,0,2,DevOps Engineer
710,Female,ECE,2,7.192989524576953,1,0,0,1,0,1,1,1,1,1,Software Developer
711,Female,CSE,3,7.235294117647059,1,0,1,0,0,0,0,0,0,5,DevOps Engineer
712,Female,CSE,3,8.267526188557614,1,0,1,1,0,1,0,0,0,3,Data Analyst
713,Male,ECE,2,9.0290088638195,1,1,0,1,1,0,1,0,2,1,ML Engineer
714,Male,IT,2,8.450846091861404,1,1,0,1,1,1,1,0,0,4,ML Engineer
715,Male,CSE,1,8.013698630136986,1,0,0,1,0,1,1,0,1,5,Software Developer
716,Female,Mechanical,2,8.653908138597906,1,1,0,0,1,0,0,1,1,4,ML Engineer
717,Female,CSE,3,7.537066881547139,1,0,1,0,0,0,0,0,0,4,DevOps Engineer
718,Female,ECE,4,7.926269137792103,1,0,1,0,1,0,0,1,1,5,DevOps Engineer
719,Male,Mechanical,4,7.03505237711523,0,1,1,0,1,0,0,0,0,5,ML Engineer
720,Female,CSE,1,7.593473005640613,1,0,0,0,1,0,0,1,0,4,DevOps Engineer
721,Female,CSE,4,8.653908138597906,1,0,1,0,0,0,1,0,2,3,Software Developer
722,Male,CSE,3,8.752618855761483,0,0,1,1,0,0,0,1,2,5,Cloud Engineer
723,Male,CSE,3,7.748589846897662,0,0,1,1,0,1,1,0,0,1,Data Analyst
724,Female,CSE,2,6.975825946817083,1,0,0,0,0,0,0,1,0,2,DevOps Engineer
725,Female,ECE,2,7.678082191780822,0,0,0,0,0,0,1,1,0,3,DevOps Engineer
726,Female,CSE,2,7.2832393231265105,1,0,0,1,0,1,0,0,0,5,DevOps Engineer
727,Male,IT,1,8.058823529411764,0,0,0,0,1,0,0,0,1,5,DevOps Engineer
728,Female,Mechanical,2,7.004029008863819,1,1,0,0,1,0,0,0,1,3,ML Engineer
729,Male,EEE,2,7.274778404512489,0,1,0,0,1,0,1,1,1,2,ML Engineer
730,Male,IT,2,7.42989524576954,0,0,0,0,0,1,1,0,0,4,DevOps Engineer
731,Male,CSE,3,7.542707493956487,0,0,1,0,0,1,0,0,0,1,Data Analyst
732,Female,IT,2,7.59911361804996,1,0,0,1,0,0,0,0,1,5,DevOps Engineer
733,Female,IT,1,7.133763094278807,1,0,0,0,1,1,1,0,1,2,Software Developer
734,Female,IT,4,8.287268331990331,1,1,1,0,1,1,0,1,0,1,ML Engineer
735,Male,CSE,4,8.360596293311847,1,0,1,0,0,1,0,0,0,3,Data Analyst
736,Female,EEE,3,7.328364222401289,1,1,1,0,0,1,1,1,0,5,Data Analyst
737,Male,IT,4,7.621676067687348,0,0,1,1,0,1,1,1,0,4,Data Analyst
738,Female,CSE,3,8.290088638195003,1,0,1,1,0,0,0,0,0,3,DevOps Engineer
739,Male,CSE,4,7.663980660757453,0,0,1,1,0,0,0,1,0,5,Cloud Engineer
740,Male,IT,1,8.160354552780017,1,1,0,0,1,0,1,0,1,2,ML Engineer
741,Male,EEE,2,8.177276390008057,1,1,0,1,1,1,0,1,1,1,ML Engineer
742,Male,ECE,2,7.542707493956486,0,0,0,1,0,1,0,0,0,1,DevOps Engineer
743,Female,ECE,1,7.855761482675262,1,0,0,1,0,1,1,1,0,5,Software Developer
744,Female,CSE,1,7.855761482675262,0,0,0,0,1,1,1,0,1,3,DevOps Engineer
745,Male,IT,3,6.947622884770346,0,0,1,0,0,0,0,0,0,4,DevOps Engineer
746,Female,IT,3,7.75423045930701,1,0,1,0,0,1,1,0,0,2,Data Analyst
747,Male,CSE,3,6.764302981466559,0,0,1,1,0,1,1,0,0,5,Data Analyst
748,Female,CSE,1,7.204270749395649,0,0,0,0,0,1,0,1,1,2,DevOps Engineer
749,Female,ECE,4,6.973005640612409,1,0,1,0,0,1,1,0,0,1,Data Analyst
750,Female,CSE,3,7.593473005640612,1,0,1,1,1,1,0,1,0,4,Data Analyst
751,Male,IT,2,9.186946011281226,0,0,0,1,0,0,0,0,2,2,DevOps Engineer
752,Female,CSE,3,8.484689766317485,1,0,1,1,0,1,1,1,0,5,Data Analyst
753,Female,CSE,2,7.376309427880741,1,0,0,0,0,0,0,0,0,4,DevOps Engineer
754,Male,CSE,2,7.257856567284447,0,0,0,1,0,1,0,0,0,3,DevOps Engineer
755,Male,Mechanical,4,7.3170829975825935,0,1,1,0,1,1,0,0,0,5,ML Engineer
756,Female,EEE,2,7.16760676873489,1,1,0,0,1,0,0,1,0,2,ML Engineer
757,Female,Mechanical,2,7.469379532634972,1,1,0,0,0,1,1,0,1,4,Software Developer
758,Female,IT,4,6.654311039484286,0,0,1,0,1,0,1,1,0,5,DevOps Engineer
759,Female,CSE,3,8.422643029814665,1,0,1,0,0,0,1,1,0,4,Software Developer
760,Female,IT,1,7.570910556003223,1,0,0,1,1,0,0,0,0,4,DevOps Engineer
761,Male,IT,1,6.524576954069299,0,0,0,0,0,1,0,1,0,4,DevOps Engineer
762,Male,EEE,1,7.494762288477034,0,1,0,1,1,1,0,0,1,2,ML Engineer
763,Male,CSE,3,7.192989524576953,0,0,1,0,1,1,0,0,1,5,Data Analyst
764,Female,IT,2,7.4439967767929085,1,0,0,0,0,0,0,1,1,1,DevOps Engineer
765,Male,CSE,1,8.558017727639001,0,0,0,0,0,1,1,1,2,1,DevOps Engineer
766,Female,CSE,4,6.82634971796938,0,0,1,0,1,1,1,1,0,2,Data Analyst
767,Female,ECE,3,6.676873489121675,1,0,1,0,1,0,1,0,0,2,Software Developer
768,Female,IT,2,7.593473005640612,1,0,0,0,0,0,0,0,0,4,DevOps Engineer
769,Male,CSE,3,7.796535052377115,0,0,1,0,1,0,1,0,1,5,DevOps Engineer
770,Female,CSE,3,8.084206285253826,1,0,1,0,0,1,0,1,1,5,Data Analyst
771,Male,IT,1,7.810636583400483,0,0,0,0,0,1,0,0,1,3,DevOps Engineer
772,Female,ECE,2,8.555197421434325,1,1,0,1,1,1,1,1,1,3,ML Engineer
773,Male,EEE,4,7.731668009669621,0,1,1,0,1,0,1,0,0,1,ML Engineer
774,Male,Mechanical,2,7.793714746172441,0,1,0,1,1,1,0,0,0,3,ML Engineer
775,Female,ECE,3,8.834407735697019,1,1,1,1,1,0,0,0,2,3,ML Engineer
776,Male,CSE,2,6.578162771958097,0,0,0,1,1,0,0,0,0,1,DevOps Engineer
777,Male,ECE,1,7.807816277195809,0,0,0,1,0,1,1,0,1,1,DevOps Engineer
778,Female,IT,1,8.645447219983884,1,1,0,0,1,0,0,1,2,3,ML Engineer
779,Female,CSE,2,8.899274778404513,1,0,0,1,0,1,1,1,1,5,Software Developer
780,Female,EEE,2,8.307010475423045,1,1,0,1,1,0,0,0,1,3,ML Engineer
781,Female,CSE,1,8.549556809024981,1,0,0,0,0,1,0,0,2,4,DevOps Engineer
782,Female,Mechanical,4,7.678082191780822,0,1,1,0,0,0,0,0,0,4,DevOps Engineer
783,Male,IT,4,7.616035455278002,0,0,1,0,0,1,1,1,1,4,Data Analyst
784,Male,IT,3,7.537066881547139,0,0,1,1,0,0,0,0,0,2,DevOps Engineer
785,Male,ECE,4,8.470588235294118,0,0,1,1,0,0,1,1,1,4,Cloud Engineer
786,Female,EEE,2,8.1941982272361,1,1,0,0,1,1,1,0,1,5,ML Engineer
787,Female,IT,4,8.239323126510879,1,1,1,0,1,0,1,0,1,2,ML Engineer
788,Male,IT,1,7.452457695406929,0,0,0,0,1,1,1,1,1,2,DevOps Engineer
789,Male,CSE,4,8.199838839645446,1,0,1,0,0,1,1,0,1,4,Data Analyst
790,Female,IT,4,7.717566478646254,1,0,1,1,0,0,1,0,0,3,Software Developer
791,Male,CSE,3,6.022562449637388,0,0,1,0,0,0,1,0,0,1,DevOps Engineer
792,Female,ECE,4,8.586220789685738,1,1,1,0,1,1,0,0,1,3,ML Engineer
793,Female,IT,3,7.379129734085415,0,0,1,0,0,1,0,0,1,3,Data Analyst
794,Female,ECE,2,7.255036261079775,1,0,0,1,0,1,0,1,0,2,Cloud Engineer
795,Male,CSE,2,8.07010475423046,0,0,0,0,0,1,0,1,0,2,DevOps Engineer
796,Female,CSE,3,8.6116035455278,1,0,1,1,0,1,0,0,2,2,Data Analyst
797,Female,ECE,1,7.01248992747784,1,0,0,0,0,0,1,1,1,5,Software Developer
798,Female,CSE,3,8.74979854955681,1,0,1,0,1,1,0,0,2,5,Data Analyst
799,Female,CSE,4,8.366236905721191,1,0,1,0,0,1,0,0,0,1,Data Analyst
800,Female,CSE,1,7.477840451248992,1,0,0,0,0,0,1,0,0,2,Software Developer
801,Female,Mechanical,3,8.400080580177276,1,1,1,0,0,0,0,0,0,4,DevOps Engineer
802,Male,ECE,4,8.112409347300563,0,0,1,1,0,0,0,0,0,2,DevOps Engineer
803,Female,CSE,4,7.960112812248187,0,0,1,1,1,0,0,1,1,5,Cloud Engineer
804,Female,CSE,4,7.852941176470587,1,0,1,1,0,1,0,0,0,2,Data Analyst
805,Male,CSE,3,7.522965350523771,0,0,1,0,1,0,0,0,0,5,DevOps Engineer
806,Female,ECE,4,7.833199033037872,1,0,1,1,0,0,1,0,0,2,Software Developer
807,Female,ECE,3,6.905318291700241,1,0,1,0,0,0,1,1,0,4,Software Developer
808,Female,CSE,1,7.074536663980661,1,0,0,0,1,1,0,1,1,1,DevOps Engineer
809,Male,CSE,2,6.473811442385173,0,0,0,0,0,1,0,0,0,4,DevOps Engineer
810,Male,CSE,3,8.52699435938759,0,0,1,0,1,0,0,0,1,5,DevOps Engineer
811,Female,ECE,2,7.977034649476229,1,0,0,1,0,0,1,0,0,3,Software Developer
812,Female,ECE,3,7.266317485898468,1,0,1,0,1,1,0,0,0,4,Data Analyst
813,Male,CSE,3,7.514504431909749,0,0,1,0,0,1,0,0,1,2,Data Analyst
814,Female,CSE,1,7.562449637389203,1,0,0,1,0,0,1,0,1,1,Software Developer
815,Female,CSE,3,8.067284448025784,1,0,1,0,1,0,0,0,0,2,DevOps Engineer
816,Female,Mechanical,3,6.538678485092667,0,1,1,0,1,0,0,0,0,2,ML Engineer
817,Female,CSE,2,8.569298952457695,1,0,0,0,1,0,0,0,2,4,DevOps Engineer
818,Male,ECE,1,8.11804995970991,1,1,0,1,1,1,1,1,0,1,ML Engineer
819,Male,IT,1,7.054794520547945,0,0,0,1,1,1,1,1,1,3,Cloud Engineer
820,Male,CSE,2,7.119661563255438,0,0,0,0,0,0,1,0,1,2,DevOps Engineer
821,Female,CSE,4,7.4721998388396464,1,0,1,0,0,1,0,0,0,1,Data Analyst
822,Male,CSE,2,6.761482675261885,0,0,0,0,0,0,1,0,0,3,DevOps Engineer
823,Male,IT,3,7.128122481869459,0,0,1,1,0,1,1,0,0,2,Data Analyst
824,Male,ECE,2,8.498791297340855,1,1,0,0,1,1,1,1,0,1,ML Engineer
825,Female,IT,2,8.228041901692183,1,1,0,0,1,0,0,0,0,4,ML Engineer
826,Female,IT,4,8.43392425463336,1,1,1,0,0,0,1,1,1,2,Software Developer
827,Male,CSE,3,8.061643835616438,1,0,1,0,0,1,0,1,0,2,Data Analyst
828,Male,Mechanical,1,8.084206285253828,1,1,0,0,0,0,0,0,0,1,DevOps Engineer
829,Female,ECE,2,7.680902497985496,1,0,0,1,0,0,1,0,0,2,Software Developer
830,Male,CSE,1,8.092667203867848,1,0,0,0,0,1,0,0,1,3,DevOps Engineer
831,Male,Mechanical,2,8.558017727639001,0,1,0,0,1,1,1,0,2,2,ML Engineer
832,Male,IT,3,8.01651893634166,1,1,1,1,1,0,0,0,0,5,ML Engineer
833,Male,IT,1,8.868251410153103,0,0,0,1,0,1,1,0,1,3,DevOps Engineer
834,Male,ECE,2,7.613215149073327,0,0,0,0,0,0,1,1,0,1,DevOps Engineer
835,Male,EEE,2,8.391619661563254,1,1,0,0,1,1,1,0,0,3,ML Engineer
836,Male,ECE,4,8.882352941176471,1,1,1,0,0,1,0,0,1,5,Data Analyst
837,Female,CSE,4,7.596293311845286,1,0,1,1,0,1,0,1,1,5,Data Analyst
838,Male,CSE,1,7.373489121676067,0,0,0,0,0,0,1,1,1,2,DevOps Engineer
839,Female,Mechanical,3,7.75423045930701,0,1,1,1,0,1,0,0,1,2,Data Analyst
840,Female,CSE,2,7.328364222401289,1,0,0,1,0,1,1,1,0,4,Software Developer
841,Male,CSE,2,8.239323126510877,0,0,0,0,1,0,1,0,1,3,DevOps Engineer
842,Female,IT,3,7.672441579371474,1,0,1,0,1,0,0,0,1,4,DevOps Engineer
843,Male,IT,4,7.836019339242546,0,0,1,0,0,0,0,0,0,5,DevOps Engineer
844,Female,IT,4,7.855761482675262,1,0,1,0,0,0,0,0,0,2,DevOps Engineer
845,Male,Mechanical,3,6.812248186946011,0,1,1,0,0,1,1,1,0,2,Data Analyst
846,Male,CSE,2,7.912167606768734,0,0,0,1,0,0,0,1,0,2,Cloud Engineer
847,Male,CSE,3,8.005237711522964,0,0,1,1,1,0,0,1,0,1,Cloud Engineer
848,Female,CSE,2,8.185737308622079,1,0,0,0,0,1,0,0,0,5,DevOps Engineer
849,Female,EEE,3,8.084206285253828,1,1,1,1,1,0,1,0,1,2,ML Engineer
850,Female,IT,2,9.009266720386783,1,1,0,0,0,1,0,0,2,5,DevOps Engineer
851,Male,CSE,3,7.266317485898469,0,0,1,0,1,0,0,0,1,2,DevOps Engineer
852,Female,EEE,2,8.174456083803385,1,1,0,0,1,1,1,1,0,3,ML Engineer
853,Male,EEE,1,7.466559226430297,0,1,0,1,1,1,1,1,1,5,ML Engineer
854,Female,EEE,4,7.926269137792104,1,1,1,1,1,1,1,0,0,4,ML Engineer
855,Male,Mechanical,1,7.412973408541498,0,1,0,1,1,0,0,0,1,1,ML Engineer
856,Male,CSE,3,6.730459307010475,0,0,1,0,0,1,0,0,0,4,Data Analyst
857,Male,ECE,2,8.143432715551974,0,0,0,0,0,0,1,0,0,5,DevOps Engineer
858,Male,IT,1,7.102739726027397,0,0,0,0,1,0,0,0,0,2,DevOps Engineer
859,Female,EEE,1,8.126510878323932,1,1,0,0,1,0,1,0,1,5,ML Engineer
860,Male,ECE,1,6.767123287671232,0,0,0,1,1,1,1,0,0,1,DevOps Engineer
861,Female,ECE,4,8.295729250604351,1,1,1,1,1,0,0,0,0,5,ML Engineer
862,Male,ECE,2,8.456486704270748,1,1,0,1,1,1,1,0,1,2,ML Engineer
863,Female,CSE,4,8.490330378726833,1,0,1,0,0,0,1,0,1,4,Software Developer
864,Male,IT,3,6.837630942788073,0,0,1,0,0,0,0,1,0,3,DevOps Engineer
865,Male,Mechanical,2,7.294520547945206,0,1,0,0,1,1,1,0,0,4,ML Engineer
866,Female,Mechanical,3,7.379129734085415,0,1,1,0,1,0,0,1,0,2,ML Engineer
867,Male,CSE,3,8.174456083803385,0,0,1,0,0,1,0,0,1,2,Data Analyst
868,Male,CSE,3,9.093875906526996,0,0,1,1,0,0,0,0,1,1,DevOps Engineer
869,Female,CSE,2,8.459307010475422,1,0,0,1,0,1,1,0,1,5,Software Developer
870,Female,ECE,2,8.20265914585012,1,1,0,0,1,1,1,0,1,5,ML Engineer
871,Male,EEE,4,6.961724415793714,0,1,1,0,1,0,1,1,0,4,ML Engineer
872,Male,CSE,4,7.717566478646254,0,0,1,0,0,0,0,0,0,3,DevOps Engineer
873,Female,IT,4,8.366236905721191,1,1,1,0,0,1,1,1,0,3,Data Analyst
874,Male,EEE,2,7.971394037066882,0,1,0,1,1,1,0,1,1,1,ML Engineer
875,Male,ECE,3,8.904915390813859,0,0,1,0,0,0,1,0,2,2,DevOps Engineer
876,Male,IT,2,9.00362610797744,0,0,0,0,0,0,0,0,2,1,DevOps Engineer
877,Female,IT,2,8.346494762288478,1,1,0,0,1,1,0,1,0,5,ML Engineer
878,Female,IT,2,6.346897663174858,1,0,0,1,0,1,0,0,0,2,DevOps Engineer
879,Male,CSE,3,6.727639000805802,0,0,1,0,0,0,1,1,0,1,DevOps Engineer
880,Male,IT,1,7.204270749395649,0,0,0,0,1,0,0,0,1,4,DevOps Engineer
881,Male,ECE,2,6.707896857373086,0,0,0,0,0,0,1,0,0,5,DevOps Engineer
882,Female,EEE,4,7.071716357775987,1,1,1,1,1,1,0,0,0,3,ML Engineer
883,Male,IT,2,7.36784850926672,0,0,0,1,1,0,0,0,0,1,DevOps Engineer
884,Male,ECE,1,8.058823529411764,0,0,0,0,0,1,0,1,1,5,DevOps Engineer
885,Female,CSE,1,7.054794520547945,1,0,0,1,0,0,1,0,0,5,Software Developer
886,Male,IT,4,8.952860596293313,0,0,1,1,1,0,1,1,2,3,Cloud Engineer
887,Female,CSE,3,7.263497179693795,1,0,1,1,0,1,0,0,1,3,Data Analyst
888,Male,CSE,2,8.634165995165189,0,0,0,1,0,1,0,0,2,3,DevOps Engineer
889,Male,ECE,4,7.768331990330378,0,0,1,1,0,1,0,0,1,1,Data Analyst
890,Male,Mechanical,4,7.192989524576953,0,1,1,0,1,0,1,0,0,3,ML Engineer
891,Female,CSE,2,8.185737308622079,1,0,0,1,0,1,0,0,1,4,DevOps Engineer
892,Female,IT,3,7.748589846897662,1,0,1,0,0,1,1,0,0,5,Data Analyst
893,Female,EEE,3,6.916599516518936,1,1,1,1,1,0,1,1,0,3,ML Engineer
894,Male,CSE,3,8.07856567284448,1,0,1,0,0,0,0,0,0,5,DevOps Engineer
895,Female,IT,1,6.947622884770346,1,0,0,1,0,0,0,0,0,2,DevOps Engineer
896,Male,ECE,4,7.353746978243352,0,0,1,1,0,0,1,1,0,2,Cloud Engineer
897,Male,IT,3,7.277598710717163,0,0,1,0,0,1,1,1,0,3,Data Analyst
898,Female,CSE,2,7.951651893634166,1,0,0,1,0,0,0,0,1,5,DevOps Engineer
899,Male,CSE,2,8.205479452054794,0,0,0,0,0,1,0,0,0,2,DevOps Engineer
900,Male,ECE,1,7.006849315068493,0,0,0,1,1,1,0,1,1,3,Cloud Engineer
901,Male,IT,1,7.686543110394842,0,0,0,0,0,1,0,0,1,5,DevOps Engineer
902,Male,CSE,3,8.213940370668816,0,0,1,0,0,1,0,0,1,3,Data Analyst
903,Male,ECE,1,7.334004834810637,0,0,0,1,0,0,0,0,0,5,DevOps Engineer
904,Female,CSE,2,7.816277195809832,0,0,0,0,0,0,1,1,1,2,DevOps Engineer
905,Male,ECE,3,7.703464947622884,0,0,1,1,1,0,0,0,0,3,DevOps Engineer
906,Female,CSE,1,6.848912167606768,1,0,0,0,0,1,0,1,0,2,DevOps Engineer
907,Female,Mechanical,4,6.75020145044319,1,1,1,0,1,0,0,0,0,3,ML Engineer
908,Male,CSE,2,6.631748589846897,0,0,0,0,0,1,1,1,0,1,DevOps Engineer
909,Male,CSE,2,9.16720386784851,0,0,0,0,1,0,1,0,1,2,DevOps Engineer
910,Male,CSE,2,7.813456889605156,0,0,0,0,0,0,0,0,1,2,DevOps Engineer
911,Female,CSE,2,8.845688960515714,1,0,0,0,1,0,0,1,1,4,DevOps Engineer
912,Male,EEE,1,7.996776792908944,0,1,0,0,1,1,1,0,0,2,ML Engineer
913,Female,Mechanical,3,8.357775987107171,1,1,1,0,1,1,0,0,1,5,ML Engineer
914,Male,CSE,4,7.122481869460112,0,0,1,1,0,0,0,0,0,3,DevOps Engineer
915,Female,IT,2,8.081385979049156,1,1,0,1,0,1,0,0,1,1,DevOps Engineer
916,Male,ECE,3,7.503223207091056,0,0,1,0,1,0,0,0,0,5,DevOps Engineer
917,Male,EEE,3,7.937550362610796,0,1,1,1,1,1,0,1,0,5,ML Engineer
918,Female,IT,4,7.695004029008864,1,0,1,0,0,1,1,0,0,5,Data Analyst
919,Female,CSE,2,7.57655116841257,1,0,0,1,1,0,1,0,0,5,Software Developer
920,Male,IT,2,7.621676067687348,0,0,0,1,0,1,0,0,0,1,DevOps Engineer
921,Female,ECE,2,7.542707493956486,1,0,0,1,1,0,1,1,1,4,Software Developer
922,Male,CSE,3,8.205479452054794,1,0,1,0,1,1,0,1,1,2,Data Analyst
923,Female,IT,4,6.786865431103948,1,0,1,1,0,0,0,0,0,5,DevOps Engineer
924,Female,CSE,1,7.263497179693795,1,0,0,0,1,1,1,0,1,2,Software Developer
925,Male,ECE,2,7.644238517324739,0,0,0,1,0,0,1,1,0,2,Cloud Engineer
926,Male,CSE,4,7.680902497985494,0,0,1,0,0,1,0,0,1,5,Data Analyst
927,Male,IT,4,7.520145044319098,0,0,1,1,0,1,0,1,1,4,Data Analyst
928,Female,IT,4,6.434327155519741,0,0,1,1,0,1,1,1,0,2,Data Analyst
929,Female,IT,3,7.503223207091056,1,0,1,1,1,1,1,1,1,3,Data Analyst
930,Male,CSE,2,8.20265914585012,0,0,0,0,1,1,1,0,0,2,DevOps Engineer
931,Male,IT,3,8.211120064464142,0,0,1,1,0,0,0,1,1,5,Cloud Engineer
932,Female,IT,3,7.689363416599516,1,0,1,0,0,0,0,1,1,1,DevOps Engineer
933,Female,IT,1,7.649879129734084,1,0,0,1,1,0,0,0,0,2,DevOps Engineer
934,Female,IT,3,6.989927477840451,0,0,1,0,0,1,0,0,0,4,Data Analyst
935,Male,ECE,3,8.495970991136181,0,0,1,0,0,0,1,0,1,3,DevOps Engineer
936,Male,EEE,1,7.446817082997582,0,1,0,0,1,1,0,0,0,3,ML Engineer
937,Male,CSE,3,7.867042707493956,0,0,1,0,1,1,0,0,1,1,Data Analyst
938,Female,EEE,3,6.809427880741337,1,1,1,0,1,0,1,0,0,1,ML Engineer
939,Male,IT,4,6.750201450443191,0,0,1,0,1,0,0,0,0,2,DevOps Engineer
940,Female,CSE,1,7.556809024979855,0,0,0,0,1,0,0,0,1,5,DevOps Engineer
941,Male,CSE,2,7.133763094278807,0,0,0,1,0,0,1,0,1,4,DevOps Engineer
942,Female,CSE,3,7.807816277195809,0,0,1,1,0,0,1,1,0,3,Cloud Engineer
943,Female,ECE,2,7.238114423851732,1,0,0,0,1,0,1,1,0,1,Software Developer
944,Female,ECE,3,7.95447219983884,1,0,1,0,0,1,0,0,1,4,Data Analyst
945,Male,ECE,3,7.167606768734891,0,0,1,0,1,1,1,0,0,5,Data Analyst
946,Male,IT,1,9.189766317485898,0,0,0,0,1,0,1,0,1,3,DevOps Engineer
947,Male,IT,3,7.370668815471395,0,0,1,1,0,0,0,1,1,3,Cloud Engineer
948,Female,CSE,3,7.240934730056405,1,0,1,1,1,0,0,1,0,5,Cloud Engineer
949,Female,CSE,2,7.283239323126511,1,0,0,0,1,1,1,1,0,3,Software Developer
950,Female,IT,4,8.6116035455278,1,1,1,0,1,1,0,0,1,5,ML Engineer
951,Female,CSE,4,6.9250604351329565,1,0,1,0,0,0,1,1,0,3,Software Developer
952,Female,CSE,3,8.470588235294118,1,0,1,1,0,0,0,0,0,2,DevOps Engineer
953,Male,IT,3,7.145044319097503,0,0,1,1,0,1,0,1,1,5,Data Analyst
954,Female,ECE,2,7.452457695406929,1,0,0,0,0,1,0,0,1,4,DevOps Engineer
955,Male,Mechanical,4,7.675261885576148,0,1,1,0,1,0,1,1,1,2,ML Engineer
956,Male,Mechanical,3,8.617244157937147,1,1,1,1,1,1,0,0,2,4,ML Engineer
957,Female,IT,3,7.082997582594681,0,0,1,1,0,0,1,1,1,3,Cloud Engineer
958,Male,IT,4,6.628928283642224,0,0,1,0,0,0,1,1,0,4,DevOps Engineer
959,Male,IT,2,6.738920225624496,0,0,0,0,0,1,1,0,0,2,DevOps Engineer
960,Female,ECE,4,7.350926672038678,1,0,1,0,1,1,1,0,1,5,Data Analyst
961,Male,CSE,1,8.27880741337631,0,0,0,0,0,0,1,1,0,1,DevOps Engineer
962,Female,IT,2,8.422643029814665,1,1,0,0,1,1,0,0,1,4,ML Engineer
963,Male,EEE,2,7.446817082997582,0,1,0,0,1,0,1,0,0,1,ML Engineer
964,Male,CSE,4,7.491941982272362,0,0,1,0,1,1,1,0,1,4,Data Analyst
965,Male,IT,4,8.64262691377921,0,0,1,0,0,0,0,0,2,4,DevOps Engineer
966,Male,IT,3,7.319903303787268,0,0,1,1,0,1,0,0,0,5,Data Analyst
967,Female,CSE,3,7.308622078968574,1,0,1,0,1,1,1,0,1,3,Data Analyst
968,Male,CSE,3,8.41136180499597,0,0,1,0,1,0,0,0,0,2,DevOps Engineer
969,Female,CSE,4,7.714746172441579,0,0,1,0,1,1,1,0,1,2,Data Analyst
970,Male,CSE,2,8.1406124093473,1,0,0,0,0,1,0,1,0,2,DevOps Engineer
971,Female,CSE,2,8.400080580177276,1,0,0,1,0,1,0,1,1,3,Cloud Engineer
972,Female,EEE,1,6.992747784045124,1,1,0,0,1,0,1,1,0,1,ML Engineer
973,Female,CSE,3,8.823126510878325,1,0,1,0,0,1,0,0,1,2,Data Analyst
974,Male,IT,3,7.852941176470589,0,0,1,1,1,1,0,1,0,1,Data Analyst
975,Male,CSE,2,7.946011281224819,0,0,0,0,0,0,1,0,0,3,DevOps Engineer
976,Male,Mechanical,1,7.683722804190168,0,1,0,1,1,1,0,0,0,3,ML Engineer
977,Female,CSE,4,8.552377115229653,1,0,1,0,0,0,1,1,1,5,Software Developer
978,Male,IT,1,8.879532634971797,0,0,0,0,0,0,1,1,2,2,DevOps Engineer
979,Male,EEE,3,7.051974214343271,0,1,1,0,0,1,1,1,0,5,Data Analyst
980,Female,EEE,4,7.257856567284447,0,1,1,0,0,1,0,1,0,2,Data Analyst
981,Male,CSE,2,8.586220789685738,1,0,0,1,1,1,0,0,1,3,DevOps Engineer
982,Female,EEE,2,7.271958098307817,1,1,0,1,1,0,1,0,1,3,ML Engineer
983,Male,IT,3,8.687751813053989,0,0,1,0,0,1,1,1,2,4,Data Analyst
984,Male,IT,4,7.255036261079773,0,0,1,0,1,0,1,0,1,4,DevOps Engineer
985,Female,CSE,3,8.730056406124094,1,0,1,1,0,0,1,0,2,3,Software Developer
986,Male,CSE,4,8.024979854955681,1,0,1,1,0,0,0,1,0,3,Cloud Engineer
987,Female,ECE,1,7.771152296535052,1,0,0,0,1,1,0,1,0,1,DevOps Engineer
988,Male,IT,3,7.410153102336825,0,0,1,0,0,1,0,0,0,1,Data Analyst
989,Male,IT,3,7.348106365834004,0,0,1,0,1,1,0,1,1,5,Data Analyst
990,Female,ECE,4,6.936341659951652,1,0,1,1,1,1,0,1,0,4,Data Analyst
991,Female,ECE,1,7.720386784850926,1,0,0,0,1,0,1,1,1,4,Software Developer
992,Female,CSE,4,8.256244963738919,1,0,1,0,0,1,0,0,0,3,Data Analyst
993,Male,IT,3,8.008058017727638,0,0,1,1,0,0,0,0,0,3,DevOps Engineer
994,Female,CSE,2,7.883964544721999,0,0,0,0,0,0,0,0,0,5,DevOps Engineer
995,Male,ECE,1,6.569701853344076,0,0,0,0,0,0,1,0,0,4,DevOps Engineer
996,Male,ECE,4,7.7232070910556,0,0,1,0,1,1,1,0,0,1,Data Analyst
997,Female,Mechanical,1,7.573730862207896,1,1,0,0,0,1,1,0,1,2,Software Developer
998,Male,CSE,2,7.142224012892827,0,0,0,0,0,1,1,0,0,5,DevOps Engineer
999,Female,CSE,2,8.247784045124899,1,0,0,0,1,0,0,1,1,2,DevOps Engineer
1000,Male,CSE,4,8.151893634165996,1,0,1,0,0,0,1,0,0,1,Software Developer
